ESI_Global_normalised_madiff,EDI_EURUSD_spread_spotvma,EDI_G10_normalised_spotvma,EDI_Global_normalised_madiff,Date,LSTM,target,Predictions,scaled_signal,trend_buy_sell,strat_returns,strat_returns_sum,nonfiltered_ret,
45.62930906,3.482773517,14.19566631,28.21354759,12/04/2017,0.006890842,0.046399833,1,,0,0,0,0.006890842,
45.94329516,3.027664041,14.66393434,28.27373263,13/04/2017,-0.006443624,0.05269367,1,,0,0,0,0.000447218,
46.23112833,2.99653032,14.49583633,28.32450228,14/04/2017,7.68E-06,0.064603198,1,,0,0,0,0.000454896,
46.97140514,8.572633729,9.917076231,28.41392795,17/04/2017,0.003298,0.06487463,-1,,0,0,0,0.003752896,
47.21994481,9.037640625,9.405212939,28.41312429,18/04/2017,0.01219733,0.058262921,-1,,0,0,0,0.015950226,
47.44103076,8.892049091,9.338025814,28.40504398,19/04/2017,-0.002866687,0.073017005,-1,,0,0,0,0.013083539,
47.7027531,8.813100774,10.78014351,28.45320852,20/04/2017,0.000785023,0.075941791,-1,,0,0,0,0.013868562,
48.03251464,11.45110546,10.89470563,28.50858354,21/04/2017,0.0013654,0.04730465,-1,,0,0,0,0.015233962,
48.88264345,11.6779771,10.49251417,28.61827073,24/04/2017,0.021084815,0.042141201,-1,,0,0,0,0.036318777,
49.15100024,10.23337253,11.24406888,28.6769158,25/04/2017,0.009433541,0.04490622,-1,,0,0,0,0.045752318,
49.40356506,10.07592176,11.39525097,28.74211186,26/04/2017,-0.003432832,0.045940716,-1,,0,0,0,0.042319486,
49.68182358,12.53401219,12.30275475,28.83941361,27/04/2017,-0.004533512,0.038567558,-1,,0,0,0,0.037785974,
49.94086656,15.93227543,11.45443293,28.90685049,28/04/2017,0.003113284,0.04184809,-1,,0,0,0,0.040899258,
50.60484596,17.67519655,9.307752851,29.00193315,01/05/2017,0.000379593,0.046313296,-1,,0,0,0,0.041278851,
50.86273297,16.87766624,9.168121962,28.93846356,02/05/2017,0.004512441,0.048448671,-1,,0,0,0,0.045791292,
51.11956972,15.97327643,9.821244271,28.87534333,03/05/2017,-0.006261294,0.044206299,-1,,0,0,0,0.039529998,
51.41349236,16.41973579,10.18080265,28.82146217,04/05/2017,0.013615891,0.037601774,-1,,0,0,0,0.053145889,
51.70601958,15.64990149,10.39254326,28.79250798,05/05/2017,0.002871194,0.051695611,-1,,0,0,0,0.056017083,
52.45680215,15.15554669,10.10874035,28.66429817,08/05/2017,-0.010876083,0.055170606,-1,,0,0,0,0.045141,
52.69711463,14.94350369,10.18299572,28.61600762,09/05/2017,-0.005909829,0.049588116,-1,,0,0,0,0.039231171,
52.92289628,15.04406587,10.21877849,28.57032405,10/05/2017,-0.00138173,0.049131521,-1,,0,0,0,0.037849441,
53.16226568,14.49673298,10.13254076,28.50918397,11/05/2017,-0.000712805,0.040671056,-1,,0,0,0,0.037136636,
53.4210586,16.47191728,8.580320863,28.42948463,12/05/2017,0.009710415,0.034772377,-1,-0.714285714,0,0,0,0.046847051,
54.09083819,15.26721533,8.763047938,28.16570132,15/05/2017,0.006301515,0.020827351,-1,-0.80952381,0,0,0,0.053148566,
54.35547379,15.85693511,8.040628131,28.06671667,16/05/2017,0.015207528,-0.000239216,-1,-0.904761905,0,0,0,0.068356094,
54.60954535,15.63037895,7.955596315,27.95330626,17/05/2017,0.012468762,0.014982743,-1,-1,0,0,0,0.080824856,
54.85681727,14.60026603,8.911902878,27.87412476,18/05/2017,-0.009478396,-0.004283522,-1,-1,0,0,0,0.07134646,
55.09265514,14.38345041,8.534058682,27.78809627,19/05/2017,0.015539107,-0.009579154,-1,-1,0,0,0,0.086885567,
55.70250725,13.40934999,8.501367516,27.52173311,22/05/2017,0.004290186,0.002370596,-1,-1,0,0,0,0.091175753,
55.98600689,17.01488316,8.134268269,27.41017089,23/05/2017,-0.007552326,-0.00378816,-1,-1,0,0,0,0.083623427,
56.24398128,16.89398689,8.130853944,27.29367624,24/05/2017,0.004270092,0.001839123,-1,-1,0,0,0,0.087893519,
56.48279983,16.4684712,7.760983086,27.15219271,25/05/2017,-0.000667813,0.004224011,-1,-1,0,0,0,0.087225706,
56.69658634,15.14590365,7.515050375,27.00940872,26/05/2017,-0.003499016,0.028953845,-1,-1,0,0,0,0.08372669,
57.20112579,14.55570904,7.355708562,26.58733466,29/05/2017,-0.004259874,0.031214363,-1,-1,0,0,0,0.079466816,
57.37521406,13.21012853,6.719149616,26.42297454,30/05/2017,0.003660125,0.031532955,-1,-1,0,0,0,0.083126941,
57.54874152,11.56526763,6.062164274,26.16471469,31/05/2017,0.008977647,0.033439307,-1,-1,0,0,0,0.092104588,
57.81123543,11.41080087,6.707329106,25.92189975,01/06/2017,-0.004125919,0.015600848,-1,-1,0,0,0,0.087978669,
58.06415276,12.19006987,6.166775815,25.71838781,02/06/2017,0.009373519,0.017201301,-1,-1,0,0,0,0.097352188,
58.72308988,11.78554995,5.804860041,25.12806917,05/06/2017,-0.003733331,0.014445148,-1,-1,0,0,0,0.093618857,
58.93552857,10.94929272,6.195953003,24.94379788,06/06/2017,0.003217754,0.026278878,-1,-1,0,0,0,0.096836611,
59.1369873,10.18845218,5.658472877,24.75191046,07/06/2017,-0.002434834,0.030738908,-1,-1,0,0,0,0.094401777,
59.33754836,10.41594354,5.18365405,24.56160542,08/06/2017,-0.00696422,0.031212176,-1,-1,0,0,0,0.087437557,
59.51068383,10.29228465,5.361311028,24.34762483,09/06/2017,-0.0011694,0.038974801,-1,-1,0,0,0,0.086268157,
59.91229397,9.724758706,4.84747256,23.72680081,12/06/2017,0.00124995,0.031751405,-1,-1,0,0,0,0.087518107,
60.06743442,9.33174977,4.925980066,23.55659606,13/06/2017,0.000402836,0.028880532,-1,-1,0,0,0,0.087920943,
60.19871935,12.03506143,2.743944455,23.30621276,14/06/2017,0.001262502,0.046689653,-1,-1,0,0,0,0.089183445,
60.33239858,12.93071871,2.053640731,23.04608422,15/06/2017,-0.008597805,0.042240455,-1,-1,0,0,0,0.08058564,
60.43381903,16.57428393,-0.658197166,22.6989308,16/06/2017,0.005743563,0.056466187,-1,-1,0,0,0,0.086329203,
60.67380324,15.90909855,-0.679949288,21.71931147,19/06/2017,-0.003727158,0.052471581,-1,-1,0,0,0,0.082602045,
60.76507653,15.69816061,-0.59609642,21.4073864,20/06/2017,-0.001005446,0.064302516,-1,-1,0,0,0,0.081596599,
60.85566342,15.49229877,-0.119052546,21.12278082,21/06/2017,0.004397424,0.070183285,-1,-1,0,0,0,0.085994023,
60.9432662,15.42230692,0.362304755,20.87605306,22/06/2017,-0.001888664,0.061803419,-1,-1,0,0,0,0.084105359,
61.06834471,12.50312572,-1.16045824,20.58049935,23/06/2017,0.00495947,0.064481724,-1,-1,0,0,0,0.089064829,
61.34060329,13.76493248,-1.611990282,19.72045265,26/06/2017,-0.001114128,0.057817304,-1,-1,0,0,0,0.087950701,
61.40766381,13.90052853,-1.343321913,19.43844073,27/06/2017,0.02046996,0.041918144,-1,-1,0,0,0,0.108420661,
61.46162563,13.91287581,-1.000188833,19.17580455,28/06/2017,0.005920643,0.043040805,-1,-1,0,0,0,0.114341304,
61.53527679,15.72320168,0.946224073,18.98913105,29/06/2017,0.009296239,0.056947022,-1,-1,0,0,0,0.123637543,
61.58758982,16.70953852,1.067262248,18.83605977,30/06/2017,-0.002219567,0.061347344,-1,-1,0,0,0,0.121417976,
61.76867762,14.31742936,2.76280726,18.451748,03/07/2017,-0.00846494,0.070230456,-1,-1,0,0,0,0.112953036,
61.89463203,14.14579972,2.827198118,18.37601668,04/07/2017,-0.002132878,0.071908651,-1,-1,0,0,0,0.110820158,
62.03899818,16.69260009,3.693442656,18.36893758,05/07/2017,0.000461601,0.049801386,-1,-1,0,0,0,0.111281759,
62.1714409,16.44012911,3.472883181,18.35917086,06/07/2017,0.009398896,0.055126476,-1,-1,0,0,0,0.120680655,
62.31731595,16.13911424,4.626829952,18.41809664,07/07/2017,-0.00250419,0.050277979,-1,-1,0,0,0,0.118176465,
62.63216325,15.46882836,3.733897953,18.51800905,10/07/2017,-0.000696132,0.0425382,-1,-1,0,0,0,0.117480333,
62.71278346,16.34725038,3.15140934,18.49681553,11/07/2017,0.009012575,0.050820927,-1,-1,0,0,0,0.126492908,
62.80927626,16.31810912,3.310617053,18.4804045,12/07/2017,-0.00682056,0.058614334,-1,-1,0,0,0,0.119672348,
62.90528597,16.17872844,3.30289994,18.47533562,13/07/2017,-0.001608371,0.043836755,-1,-1,0,0,0,0.118063977,
62.9662895,19.60901721,0.640582759,18.36310023,14/07/2017,0.009211316,0.037774443,-1,-1,0,0,0,0.127275293,
63.07751503,18.90250132,0.68008578,18.07780845,17/07/2017,0.001294365,0.031302588,-1,-1,0,0,0,0.128569658,
63.12272817,19.51502051,-0.359556962,17.98015105,18/07/2017,0.010498574,0.030943902,-1,-1,0,0,0,0.139068232,
63.17208061,17.49529563,0.981434957,17.93461814,19/07/2017,-0.005000052,0.018538203,-1,-1,0,0,0,0.13406818,
63.23287792,16.71013544,1.435514199,17.9072381,20/07/2017,0.016228359,0.020982565,-1,-1,0,0,0,0.150296539,
63.27185874,16.50659574,1.310455522,17.87891738,21/07/2017,0.003992105,0.018487308,-1,-1,0,0,0,0.154288644,
63.33899813,13.61522336,0.842231198,17.76576777,24/07/2017,-0.003420396,0.022313191,-1,-1,0,0,0,0.150868248,
63.38969091,14.1161596,1.344087945,17.73423232,25/07/2017,0.001564177,0.007291988,-1,-1,0,0,0,0.152432425,
63.43270596,14.31351389,1.346176447,17.7042374,26/07/2017,0.01380554,0.033242586,-1,-1,0,0,0,0.166237965,
63.48539424,14.69553878,1.722737015,17.69648013,27/07/2017,-0.009978517,0.030259336,-1,-1,0,0,0,0.156259448,
63.5931922,14.9629361,2.593125054,17.70340471,28/07/2017,0.0104189,0.017176136,-1,-1,0,0,0,0.166678348,
63.8282625,15.14748277,3.109260741,17.71271127,31/07/2017,0.01168665,0.011884119,-1,-1,0,0,0,0.178364998,
63.94818725,14.97718878,2.663093486,17.7395716,01/08/2017,-0.004064618,0.008356976,-1,-1,0,0,0,0.17430038,
64.06454711,15.00168364,2.473838215,17.74415807,02/08/2017,0.006750234,-0.00106143,-1,-1,0,0,0,0.181050614,
64.22877944,14.84349544,2.746621011,17.75574045,03/08/2017,0.002139796,0.015965135,-1,-1,0,0,0,0.18319041,
64.38098438,14.34594871,3.358162113,17.77001701,04/08/2017,-0.012708369,0.015371635,-1,-1,0,0,0,0.170482041,
64.70942165,13.17365869,2.803558488,17.76714945,07/08/2017,0.0028209,0.021788252,-1,-1,0,0,0,0.173302941,
64.81007684,11.03270774,3.61429607,17.75556087,08/08/2017,-0.005544629,0.033067844,-1,-1,0,0,0,0.167758312,
64.89829315,11.42772547,3.981619575,17.75853965,09/08/2017,0.001272796,0.033967406,-1,-1,0,0,0,0.169031108,
64.96901604,11.36127724,3.163470314,17.72599262,10/08/2017,0.001462167,0.017668708,-1,-1,0,0,0,0.170493275,
65.05593176,12.67645847,2.114349989,17.70205423,11/08/2017,0.006185036,0.024434058,-1,-1,0,0,0,0.176678311,
65.22152138,12.23171349,3.152980394,17.60397069,14/08/2017,-0.005566263,0.020506006,-1,-1,0,0,0,0.171112048,
65.32344868,9.694445482,4.372557997,17.61375301,15/08/2017,-0.004767947,0.019816064,-1,-1,0,0,0,0.166344101,
65.41973725,11.37399544,3.362297055,17.59947362,16/08/2017,0.004026719,0.02919351,-1,-1,0,0,0,0.17037082,
65.57454424,11.10874769,3.5813857,17.60155173,17/08/2017,-0.005358738,0.026106941,-1,-1,0,0,0,0.165012082,
65.71464229,10.69230933,3.77587466,17.60808733,18/08/2017,0.00382266,0.022872722,-1,-1,0,0,0,0.168834742,
66.00907979,10.53778243,3.57813137,17.60350214,21/08/2017,0.006436467,0.016887214,-1,-1,0,0,0,0.175271209,
66.06407237,9.939036371,3.556677146,17.59457821,22/08/2017,-0.005915653,0.017009386,-1,-1,0,0,0,0.169355556,
66.12739592,14.08128302,3.215738169,17.55180973,23/08/2017,0.00539006,0.019756433,-1,-1,0,0,0,0.174745616,
66.1840686,13.79016472,3.218564709,17.50162179,24/08/2017,-0.001215663,-0.009053348,-1,-1,0,0,0,0.173529953,
66.24446475,12.79278313,3.689724651,17.47702196,25/08/2017,0.015972081,-0.023025171,-1,-1,0,0,0,0.189502034,
66.33028981,13.02616347,4.020034214,17.40339353,28/08/2017,0.00743565,-0.02708676,-1,-1,0,0,0,0.196937684,
66.35436788,12.89644448,3.982903892,17.39181378,29/08/2017,-0.00139655,-0.013338252,-1,-1,0,0,0,0.195541134,
66.42453813,11.77361763,5.73111781,17.43722577,30/08/2017,-0.009356635,-0.013137738,-1,-1,0,0,0,0.186184499,
66.49221005,11.82864012,5.009149782,17.43322392,31/08/2017,0.003223091,-0.014456207,-1,-1,0,0,0,0.18940759,
66.64048941,10.33656226,5.437640941,17.47845628,01/09/2017,-0.00727861,-0.01838046,-1,-1,0,0,0,0.18212898,
66.97472761,10.13497668,5.232598825,17.61831628,04/09/2017,0.004318196,-0.018185348,-1,-1,0,0,0,0.186447176,
67.01876725,10.35309966,3.982551981,17.64612262,05/09/2017,0.0022274,-0.023955721,-1,-1,0,0,0,0.188674576,
67.04999071,10.09296415,3.602651843,17.64927035,06/09/2017,0.000871988,-0.034343402,-1,-1,0,0,0,0.189546564,
67.05328682,11.44060112,2.087633282,17.59692525,07/09/2017,0.012552388,-0.035491499,-1,-1,0,0,0,0.202098952,
67.08529952,11.16588958,2.535949435,17.58088226,08/09/2017,0.002361729,-0.01988213,-1,-1,0,0,0,0.204460681,
67.08591901,10.78868437,2.5990286,17.49254051,11/09/2017,-0.010113662,-0.018439774,-1,-1,0,0,0,0.194347019,
67.12728791,10.13388723,3.135743282,17.45686367,12/09/2017,0.001199087,-0.011052868,-1,-1,0,0,0,0.195546106,
67.15514049,10.00790906,2.986031498,17.40979034,13/09/2017,-0.008695999,-0.015036064,-1,-1,0,0,0,0.186850107,
67.14616702,9.292931145,3.69990023,17.34135583,14/09/2017,0.003336777,-0.020664857,-1,-1,0,0,0,0.190186884,
67.12137779,12.21008837,1.502080974,17.2128265,15/09/2017,0.004018708,-0.024617238,-1,-1,0,0,0,0.194205592,
66.98072505,12.72058658,0.871708179,16.81328051,18/09/2017,0.000736091,-0.024806268,-1,-1,0,0,0,0.194941683,
66.93977476,11.99313591,1.945564616,16.71938244,19/09/2017,0.003202248,-0.008822822,-1,-1,0,0,0,0.198143931,
66.92215879,11.86568415,3.071461746,16.67102453,20/09/2017,-0.011901161,-0.017965517,-1,-1,0,0,0,0.18624277,
66.89040562,10.03412724,4.430994929,16.68210833,21/09/2017,0.005512232,-0.023163903,-1,-1,0,0,0,0.191755002,
66.91153639,15.45727822,7.577123968,16.80948732,22/09/2017,0.001531384,-0.008689158,-1,-1,0,0,0,0.193286386,
66.89035499,14.4375991,6.8792835,17.11755445,25/09/2017,-0.0128377,0.002593541,-1,-1,0,0,0,0.180448686,
66.85529759,15.15953401,6.079824382,17.16612069,26/09/2017,-0.006536173,-0.003374414,-1,-1,0,0,0,0.173912513,
66.83566312,15.89872214,7.854031741,17.27557241,27/09/2017,-0.005458139,-0.013287995,-1,-1,0,0,0,0.168454374,
66.86221772,17.15103265,8.962716932,17.42019171,28/09/2017,0.004391873,-0.012547073,-1,-1,0,0,0,0.172846247,
66.89647659,16.13171546,8.157559615,17.54933115,29/09/2017,0.003423605,-0.003193008,-1,-1,0,0,0,0.176269852,
67.08242232,13.48004072,10.14739049,18.02229904,02/10/2017,-0.008597079,-0.007287605,-1,-1,0,0,0,0.167672773,
67.25389626,13.33129048,9.772839507,18.23154826,03/10/2017,0.000393943,-0.005214481,-1,-1,0,0,0,0.168066716,
67.42490678,10.85340396,10.63455506,18.46313319,04/10/2017,0.002422512,-0.00499311,-1,-1,0,0,0,0.170489228,
67.60152767,10.10267306,10.8084545,18.69871151,05/10/2017,-0.004898385,-0.006851245,-1,-1,0,0,0,0.165590843,
67.72973394,13.1775341,9.433144761,18.883467,06/10/2017,0.002164707,-0.009739941,-1,-1,0,0,0,0.16775555,
68.00697714,13.66733434,9.614452329,19.38342947,09/10/2017,0.001213632,-0.015198106,-1,-1,0,0,0,0.168969182,
68.09339952,14.99188922,9.926989958,19.56210964,10/10/2017,0.005495707,-0.014669281,-1,-1,0,0,0,0.174464889,
68.19271059,14.90668239,9.906811523,19.74832948,11/10/2017,0.002641443,-0.012259126,-1,-1,0,0,0,0.177106332,
68.29819881,14.93152406,10.10395446,19.9803334,12/10/2017,-0.001309093,-0.011592117,-1,-1,0,0,0,0.175797239,
68.41974422,15.42078142,9.498661188,20.17512665,13/10/2017,-0.000646419,-0.004323533,-1,-1,0,0,0,0.17515082,
68.66756313,14.73849718,9.221809865,20.67398629,16/10/2017,-0.001610085,-0.000415143,-1,-1,0,0,0,0.173540735,
68.74170474,13.36909429,9.670184158,20.81525488,17/10/2017,-0.00321629,-0.0035367,-1,-1,0,0,0,0.170324445,
68.80689261,14.56344785,8.709205623,20.91988777,18/10/2017,0.003013218,-0.007635015,-1,-1,0,0,0,0.173337663,
68.8581251,14.01158005,8.475911992,21.00569861,19/10/2017,0.004082285,-0.003086898,-1,-1,0,0,0,0.177419948,
68.88790273,13.8557068,7.808247469,21.05973847,20/10/2017,-0.003630463,0.000592208,-1,-1,0,0,0,0.173789485,
68.8867696,13.07586933,7.734331461,21.18797955,23/10/2017,-0.003667002,0.002332783,-1,-1,0,0,0,0.170122483,
68.91321896,12.01076626,8.210537971,21.24678261,24/10/2017,0.001637045,-0.003151713,-1,-1,0,0,0,0.171759528,
68.96964957,7.773465358,12.49213683,21.45603339,25/10/2017,0.004746526,0.005596878,-1,-1,0,0,0,0.176506054,
69.0561445,8.339935036,12.72972284,21.70784138,26/10/2017,-0.011426094,0.012231768,-1,-1,0,0,0,0.16507996,
69.14818183,6.566019884,13.8224495,21.98999716,27/10/2017,-0.005521708,0.004742843,-1,-1,0,0,0,0.159558252,
69.39561658,7.391196938,14.51216646,22.77221728,30/10/2017,0.004164527,0.004391942,-1,-1,0,0,0,0.163722779,
69.51142263,5.989242388,13.48264712,23.02350039,31/10/2017,0.000756986,0.013242015,-1,-1,0,0,0,0.164479765,
69.63356892,5.767157702,13.62213085,23.22624621,01/11/2017,-0.003700654,0.009627572,-1,-1,0,0,0,0.160779111,
69.77578308,5.541143054,13.72614473,23.42151569,02/11/2017,0.004495636,0.010814851,-1,-1,0,0,0,0.165274747,
69.95358938,5.514726,13.84504915,23.60934191,03/11/2017,-0.004677014,0.005673743,-1,-1,0,0,0,0.160597733,
70.36382894,6.150910816,13.68234153,24.09208917,06/11/2017,0.000306572,0.004255257,-1,-1,0,0,0,0.160904305,
70.47074384,5.952501475,13.39750561,24.22441823,07/11/2017,-0.001675064,0.001196353,-1,-1,0,0,0,0.159229241,
70.57570396,5.934207553,13.28791204,24.35002541,08/11/2017,3.75E-05,-0.001924387,-1,-1,0,0,0,0.159266783,
70.65755183,6.376891054,12.16581663,24.4188335,09/11/2017,0.003170268,-0.002879914,-1,-1,0,0,0,0.162437051,
70.73914682,6.211666639,11.82415351,24.46280458,10/11/2017,0.001101062,-0.006949385,-1,-1,0,0,0,0.163538113,
70.8808985,6.130496371,11.38828547,24.54312365,13/11/2017,2.06E-05,-0.003086724,-1,-1,0,0,0,0.163558703,
70.93762861,6.902684438,11.4345582,24.55403949,14/11/2017,0.005658499,-0.007091182,-1,-1,0,0,0,0.169217202,
70.97021109,7.25816732,10.75131237,24.54496973,15/11/2017,0.0006921,-0.00963116,-1,-1,0,0,0,0.169909302,
71.00792869,5.310517189,11.99099911,24.58196289,16/11/2017,-0.000108339,-0.005073449,-1,-1,0,0,0,0.169800963,
71.05623828,2.713877459,13.70775557,24.69535292,17/11/2017,-1.60E-05,-0.002764499,-1,-1,0,0,0,0.169784933,
71.14677804,2.671361587,12.85528994,24.95475688,20/11/2017,0.000917654,0.001344153,-1,-1,0,0,0,0.170702587,
71.17846954,2.226140262,12.9259753,25.02652333,21/11/2017,1.21E-05,-0.002878726,-1,-1,0,0,0,0.170714691,
71.19393588,3.030546721,12.33291298,25.07192112,22/11/2017,0.00337762,-0.002599832,-1,-1,0,0,0,0.174092311,
71.27364605,9.963528279,16.24922982,25.25619032,23/11/2017,-0.00073797,7.77E-05,-1,-1,0,0,0,0.173354341,
71.3468032,11.28948959,15.68909192,25.40576686,24/11/2017,-0.002677503,-0.001264509,-1,-1,0,0,0,0.170676838,
71.48972024,8.095688506,16.0638787,25.80560087,27/11/2017,0.001113182,0.006474638,-1,-1,0,0,0,0.17179002,
71.52998528,7.834149321,15.91948403,25.93381774,28/11/2017,-0.003324398,0.006068553,-1,-1,0,0,0,0.168465622,
71.62282079,6.659963132,15.43697004,26.03784449,29/11/2017,0.000406085,0.000919134,-1,-1,0,0,0,0.168871707,
71.69083208,4.637753126,13.43523315,25.99185005,30/11/2017,0.005149419,3.79E-05,-1,-1,0,0,0,0.174021126,
71.85835267,4.413842585,14.43734945,25.99237302,01/12/2017,0.000881193,0.00321245,-1,-1,0,0,0,0.174902319,
72.21500549,3.560998073,14.43605529,25.98095665,04/12/2017,-0.003489735,0.00789282,-1,-1,0,0,0,0.171412584,
72.32939481,3.79166565,13.42982238,25.95748874,05/12/2017,-0.004834536,0.011184322,-1,-1,0,0,0,0.166578048,
72.43088274,4.023635724,13.35480188,25.94012075,06/12/2017,-0.00309355,0.014497996,-1,-1,0,0,0,0.163484498,
72.51242377,2.626891282,12.43177678,25.88753424,07/12/2017,-0.003021362,0.014467189,-1,-1,0,0,0,0.160463136,
72.62264182,2.410615761,14.35772731,25.96460897,08/12/2017,4.95E-05,0.014650434,-1,-1,0,0,0,0.160512664,
72.82686468,2.457736201,13.30472133,26.11995609,11/12/2017,0.000145535,0.018675618,-1,-1,0,0,0,0.160658199,
72.88863834,1.145296775,14.18577872,26.14655068,12/12/2017,-0.004048881,0.009249162,-1,-1,0,0,0,0.156609318,
72.93492695,2.870003398,13.12259062,26.10861105,13/12/2017,0.00952116,0.012763727,-1,-1,0,0,0,0.166130478,
73.08991581,4.125414725,17.63080285,26.23226502,14/12/2017,-0.003312358,0.015378427,1,-1,0,0,0,0.16281812,
73.25921393,4.392483846,17.11304996,26.31693294,15/12/2017,-0.002648317,0.011047827,1,-1,0,0,0,0.160169803,
73.65895618,3.158110076,17.67434926,26.56049139,18/12/2017,0.004541681,0.007860179,1,-0.904761905,0,0,0,0.164711484,
73.81687976,1.684712489,18.24514377,26.6864801,19/12/2017,0.003226604,0.003893403,1,-0.80952381,0,0,0,0.167938088,
73.94982225,1.713926416,17.98668742,26.80449587,20/12/2017,0.004120756,0.00511637,1,-0.714285714,0,0,0,0.172058844,
74.08365395,2.639867845,17.41133961,26.90674728,21/12/2017,-0.000845259,0.005791984,1,-0.619047619,0,0,0,0.171213585,
74.2654838,0.711150877,19.43330597,27.07480333,22/12/2017,-0.000459076,0.005717649,1,-0.523809524,0,0,0,0.170754509,
74.66044175,0.84001396,18.65826994,27.49436608,25/12/2017,0,0.005953469,1,-0.428571429,0,0,0,0.170754509,
74.75518749,0.936721321,18.68334332,27.61602575,26/12/2017,-0.000228998,0.001214452,1,-0.333333333,0,0,0,0.170525511,
74.83303573,1.103918654,18.43601421,27.72918846,27/12/2017,0.004414749,0.001358632,1,-0.238095238,0,0,0,0.17494026,
74.8869319,1.2968028,18.34341071,27.83038204,28/12/2017,0,0.001115536,1,-0.142857143,0,0,0,0.17494026,
74.92911957,1.323836476,18.10693404,27.92666679,29/12/2017,0,0.001142623,1,-0.047619048,0,0,0,0.17494026,
74.26618829,-2.851563488,6.615864129,27.62210023,28/02/2018,0,0.001381711,-1,0.047619048,1,0,0,0.17494026,
74.20768218,-4.752656527,7.681017682,27.39894413,01/03/2018,-0.000315226,0.001613707,-1,0.142857143,1,-0.000315226,-0.000315226,0.174625034,x
74.16824313,-4.803452604,7.861914229,27.21597654,02/03/2018,-0.000154167,0.001522583,-1,0.142857143,1,-0.000154167,-0.000469392,0.174470868,
73.99212168,-6.194353437,7.346627845,26.70498757,05/03/2018,0.000197952,0.001216683,-1,0.142857143,1,0.000197952,-0.00027144,0.17466882,
73.90731496,-6.061585938,7.221986072,26.55033962,06/03/2018,0.000292312,0.001051823,-1,0.142857143,1,0.000292312,2.09E-05,0.174961132,
73.80103489,-6.640110283,7.646085268,26.40481162,07/03/2018,1.87E-05,0.000867479,-1,0.142857143,1,1.87E-05,3.96E-05,0.174979853,
73.7325648,-6.920438297,7.721975528,26.45907277,08/03/2018,0.000328781,0.001028352,-1,0.142857143,1,0.000328781,0.000368373,0.175308633,
73.6667184,-10.65104359,8.516005592,26.53687675,09/03/2018,-2.37E-05,0.000832344,-1,0.142857143,1,-2.37E-05,0.000344676,0.175284936,
73.40942968,-10.03305293,8.343710846,26.71992032,12/03/2018,9.47E-05,0.000584629,-1,0.142857143,1,9.47E-05,0.00043938,0.17537964,
73.29533568,-9.66432844,8.4855322,26.75970071,13/03/2018,0.000202208,0.000754918,-1,0.142857143,1,0.000202208,0.000641587,0.175581847,
73.18578666,-9.555945003,7.649051406,26.8279351,14/03/2018,-3.36E-05,0.000543837,-1,0.142857143,1,-3.36E-05,0.00060797,0.17554823,
73.07550344,-9.625207909,7.841832743,26.90141768,15/03/2018,0.000211081,0.000671807,-1,0.047619048,1,0.000211081,0.000819051,0.175759311,
72.97571655,-11.06276408,8.94953045,27.00841221,16/03/2018,3.90E-05,0.000541388,-1,-0.047619048,0,0,0.000819051,0.175798267,
72.59967439,-10.54490626,8.795837124,27.27061477,19/03/2018,0.00015398,0.000150214,-1,-0.142857143,0,0,0.000819051,0.175952247,
72.43763128,-11.23280493,8.062808635,27.31827382,20/03/2018,0.000377707,4.15E-05,-1,-0.238095238,0,0,0.000819051,0.176329955,
72.27335068,-11.03156245,8.162225181,27.35587946,21/03/2018,0.000216539,0.000315454,-1,-0.333333333,0,0,0.000819051,0.176546493,
72.07699418,-14.44200464,5.917382593,27.30393635,22/03/2018,-7.43E-05,0.000577385,1,-0.428571429,0,0,0.000819051,0.176472158,
71.89791844,-15.73475255,7.281975947,27.28489542,23/03/2018,6.82E-06,0.000814711,1,-0.523809524,0,0,0.000819051,0.17647898,
71.32711594,-14.73866443,7.545698088,27.21251793,26/03/2018,-0.000324268,0.000916473,1,-0.523809524,0,0,0.000819051,0.176154712,
71.13587099,-14.61746164,7.280945886,27.16897072,27/03/2018,0.00014418,0.001353586,1,-0.523809524,0,0,0.000819051,0.176298892,
70.94648062,-14.90929005,7.615005381,27.12791269,28/03/2018,-0.000243097,0.001560596,1,-0.523809524,0,0,0.000819051,0.176055796,
70.75945674,-14.86209368,7.512302091,27.08520757,29/03/2018,2.71E-05,0.001459462,1,-0.523809524,0,0,0.000819051,0.176082883,
70.56582044,-14.61173267,7.458926581,27.03852129,30/03/2018,-7.61E-05,0.001083912,1,-0.523809524,0,0,0.000819051,0.176006745,
69.97629876,-13.53689893,6.114965392,26.7696627,02/04/2018,7.78E-05,0.000848339,1,-0.428571429,0,0,0.000819051,0.176084575,
69.79581169,-13.62933693,5.731775236,26.65154696,03/04/2018,0.000106828,0.000971562,1,-0.333333333,0,0,0.000819051,0.176191402,
69.64021358,-14.2028226,5.045270864,26.50205313,04/04/2018,-1.36E-05,0.001046388,1,-0.238095238,0,0,0.000819051,0.176177815,
69.4441427,-14.66241902,3.707926386,26.27925717,05/04/2018,-0.000146139,0.001010098,-1,-0.142857143,0,0,0.000819051,0.176031676,
69.2206918,-13.70475006,1.857318918,25.98462217,06/04/2018,0.000144437,0.000662696,-1,-0.047619048,0,0,0.000819051,0.176176113,
68.50626453,-14.01227312,1.010994255,25.13413798,09/04/2018,0.000137176,0.000727104,-1,-0.047619048,0,0,0.000819051,0.176313289,
68.25248511,-13.72100035,0.27978024,24.82414974,10/04/2018,-0.000101305,0.000864033,-1,-0.047619048,0,0,0.000819051,0.176211983,
68.00566757,-13.46302432,0.524469804,24.5116219,11/04/2018,-4.55E-05,0.000687153,-1,-0.047619048,0,0,0.000819051,0.176166476,
67.75413342,-12.90189744,-0.043084896,24.17132297,12/04/2018,0.000136672,0.000633037,-1,-0.047619048,0,0,0.000819051,0.176303148,
67.47939536,-12.09376639,-0.414364098,23.73224206,13/04/2018,-3.10E-10,0.000750231,-1,-0.047619048,0,0,0.000819051,0.176303148,
66.64286247,-11.17788723,-0.47728667,22.49892273,16/04/2018,0.000166926,0.000758334,-1,-0.047619048,0,0,0.000819051,0.176470074,
66.35792205,-13.4098954,0.253155634,22.11970334,17/04/2018,2.36E-05,0.000715322,-1,-0.047619048,0,0,0.000819051,0.176493635,
66.03803469,-13.21337112,-0.794186206,21.71539034,18/04/2018,-1.35E-05,0.000520836,-1,-0.047619048,0,0,0.000819051,0.176480169,
65.71907768,-13.05251045,-0.778485532,21.3214315,19/04/2018,0.000107853,0.000402579,-1,-0.047619048,0,0,0.000819051,0.176588022,
65.40126614,-12.86488924,-0.980808699,20.93224657,20/04/2018,0.00019959,7.90E-05,-1,-0.047619048,0,0,0.000819051,0.176787612,
64.44738578,-11.7842436,0.722807683,19.91808269,23/04/2018,0.000268753,-0.000100187,-1,-0.047619048,0,0,0.000819051,0.177056365,
64.08711739,-14.01169492,1.697104013,19.67960807,24/04/2018,-8.69E-05,-0.000280317,-1,-0.142857143,0,0,0.000819051,0.176969423,
63.73325854,-13.80928044,1.675348299,19.44891008,25/04/2018,0.000245942,-0.000723899,-1,-0.238095238,0,0,0.000819051,0.177215365,
63.37835361,-13.43287948,1.421497332,19.21936477,26/04/2018,0.000194016,-0.001056452,-1,-0.333333333,0,0,0.000819051,0.177409381,
63.02797057,-14.98628659,2.284989164,19.02383714,27/04/2018,0.000234098,-0.001166922,-1,-0.428571429,0,0,0.000819051,0.177643479,
61.97354348,-14.24634687,2.283136175,18.41300263,30/04/2018,-0.000177272,-0.000826745,-1,-0.523809524,0,0,0.000819051,0.177466207,
61.58767412,-13.173528,1.744496919,18.14172793,01/05/2018,-0.000297721,-0.000783618,-1,-0.619047619,0,0,0.000819051,0.177168487,
61.18002872,-13.30577357,1.980083836,17.89895446,02/05/2018,-0.000128746,-0.001103625,-1,-0.714285714,0,0,0.000819051,0.177039741,
60.76596561,-14.83447504,0.777636712,17.59872023,03/05/2018,0.000109636,-0.000968002,-1,-0.80952381,0,0,0.000819051,0.177149377,
60.33493861,-15.61881131,-0.666726642,17.25819909,04/05/2018,-7.13E-05,-0.00102278,-1,-0.904761905,0,0,0.000819051,0.177078064,
59.08620315,-15.60022882,-0.983847563,16.28786705,07/05/2018,0.000108147,-0.000603289,-1,-1,0,0,0.000819051,0.17718621,
58.68632315,-15.35679662,-1.17555189,15.99126193,08/05/2018,-0.000210226,-0.000492161,-1,-1,0,0,0.000819051,0.176975984,
58.29000773,-15.59187309,-1.454251258,15.68854716,09/05/2018,-3.69E-05,-0.000599431,-1,-1,0,0,0.000819051,0.176939088,
57.89281916,-13.83947831,-1.984281931,15.36840877,10/05/2018,9.14E-05,-0.000610526,-1,-1,0,0,0.000819051,0.177030509,
57.56413916,-13.82771685,-1.966472422,15.06708649,11/05/2018,-4.02E-05,-0.000420045,-1,-1,0,0,0.000819051,0.176990301,
56.60238517,-13.29233791,-1.743580474,14.23366576,14/05/2018,-5.41E-05,-0.00072382,-1,-1,0,0,0.000819051,0.176936185,
56.25494388,-13.74469015,-2.053126695,13.94380495,15/05/2018,0.00028412,-0.001534657,-1,-1,0,0,0.000819051,0.177220306,
55.90803752,-12.65032138,-3.097407855,13.60748247,16/05/2018,3.17E-05,-0.001352382,-1,-1,0,0,0.000819051,0.17725197,
55.57693517,-12.83655114,-2.794033077,13.30642644,17/05/2018,-5.65E-05,-0.001226292,-1,-1,0,0,0.000819051,0.177195491,
55.25744225,-12.67579708,-2.987744749,13.01040932,18/05/2018,-8.66E-05,-0.001438694,-1,-1,0,0,0.000819051,0.177108858,
54.31690769,-12.24020339,-3.027411677,12.18729702,21/05/2018,8.13E-05,-0.001423478,-1,-1,0,0,0.000819051,0.177190191,
54.00937974,-12.09177437,-2.964806319,11.93231315,22/05/2018,-5.48E-05,-0.001035093,-1,-1,0,0,0.000819051,0.177135398,
53.65535239,-15.34594307,-5.556016694,11.5882776,23/05/2018,-0.000266162,-0.000932542,-1,-1,0,0,0.000819051,0.176869236,
53.30451953,-14.75458431,-5.559882257,11.25393134,24/05/2018,6.58E-05,-0.000809581,-1,-1,0,0,0.000819051,0.176935048,
52.9105294,-15.21436094,-4.837742236,10.95671709,25/05/2018,-0.000249566,-0.000707779,-1,-1,0,0,0.000819051,0.176685482,
51.7742391,-14.61626102,-4.504217495,10.13751915,28/05/2018,-9.85E-05,-0.000734258,-1,-1,0,0,0.000819051,0.176587027,
51.42215075,-14.9525667,-4.453505097,9.882403967,29/05/2018,-0.000287742,-0.000765903,-1,-1,0,0,0.000819051,0.176299286,
51.05817099,-14.87898589,-5.280700306,9.602024336,30/05/2018,4.25E-05,-0.000234015,1,-1,0,0,0.000819051,0.176341742,
50.74976736,-15.01677927,-4.148804588,9.428217353,31/05/2018,-8.56E-05,-0.000422813,1,-1,0,0,0.000819051,0.176256124,
50.42822044,-16.00592627,-3.479595808,9.288342775,01/06/2018,-0.000210372,-0.000449592,1,-0.904761905,0,0,0.000819051,0.176045752,
49.47804275,-15.77120744,-3.922309472,8.85751837,04/06/2018,6.43E-05,-0.000511895,1,-0.80952381,0,0,0.000819051,0.176110062,
49.14836047,-16.6308983,-3.694003242,8.713417348,05/06/2018,5.34E-05,-0.000599799,1,-0.714285714,0,0,0.000819051,0.176163431,
48.8294905,-16.65543573,-3.317232998,8.576803384,06/06/2018,0.000209265,-0.000471366,1,-0.619047619,0,0,0.000819051,0.176372696,
48.51042906,-17.95730143,-4.222377953,8.409581855,07/06/2018,7.42E-05,-0.000451968,1,-0.523809524,0,0,0.000819051,0.176446926,
48.1739426,-18.75398331,-5.822414631,8.197211883,08/06/2018,-1.58E-05,-0.000404222,1,-0.428571429,0,0,0.000819051,0.176431078,
47.222878,-18.29805629,-5.978061026,7.594044831,11/06/2018,-5.13E-05,-0.000770154,1,-0.333333333,0,0,0.000819051,0.176379775,
46.92485013,-19.24784885,-5.568348098,7.393184102,12/06/2018,0.000136366,-0.000770129,1,-0.238095238,0,0,0.000819051,0.176516141,
46.59730177,-19.25587931,-5.717096078,7.195216588,13/06/2018,-1.97E-05,9.06E-06,1,-0.142857143,0,0,0.000819051,0.176496485,
46.26355597,-20.49950179,-4.252367624,6.960670579,14/06/2018,-0.000779172,-0.000207565,1,-0.047619048,0,0,0.000819051,0.175717313,
45.95751451,-20.02743698,-4.447536341,6.719679239,15/06/2018,0.000125796,-6.34E-05,1,0.047619048,1,0.000125796,0.000944847,0.175843109,
45.11266391,-18.83761753,-4.301200551,6.132128358,18/06/2018,3.95E-05,0.000121332,1,0.142857143,1,3.95E-05,0.000984304,0.175882565,
44.85231931,-18.52755996,-4.256762087,5.973108114,19/06/2018,-0.000131068,0.00015554,1,0.238095238,1,-0.000131068,0.000853236,0.175751497,
44.59738338,-18.28450037,-4.145077129,5.82610817,20/06/2018,-3.96E-05,-0.000232388,1,0.333333333,1,-3.96E-05,0.000813658,0.17571192,
44.34767807,-17.72907879,-4.269255389,5.676975571,21/06/2018,0.000122224,-0.000292179,1,0.428571429,1,0.000122224,0.000935882,0.175834143,
44.06724354,-13.14883658,-3.619298357,5.55518705,22/06/2018,0.000168363,-0.000144183,1,0.523809524,1,0.000168363,0.001104244,0.176002506,
43.20967367,-12.89932697,-3.317057152,5.234695923,25/06/2018,-0.000126605,-0.000291711,1,0.619047619,1,-0.000126605,0.00097764,0.175875901,
42.91517851,-12.7955547,-3.237387113,5.169057106,26/06/2018,3.35E-06,0.000325694,1,0.714285714,1,3.35E-06,0.000980986,0.175879248,
42.62067448,-11.67395265,-3.250058247,5.103189157,27/06/2018,-0.00031422,0.00025228,1,0.80952381,1,-0.00031422,0.000666766,0.175565028,
42.31281316,-10.6156042,-3.740386962,5.019956624,28/06/2018,1.08E-05,-0.000366995,1,0.904761905,1,1.08E-05,0.000677577,0.175575839,
42.01742938,-10.17786246,-2.829582417,4.964758144,29/06/2018,0.00044627,9.27E-05,1,1,1,0.00044627,0.001123847,0.176022109,
41.12144951,-11.25070398,-0.951496723,4.865690298,02/07/2018,-0.00039917,0.000155139,1,1,1,-0.00039917,0.000724677,0.175622939,
40.80699755,-11.8144213,-0.665090443,4.89886088,03/07/2018,3.75E-05,0.000427554,1,1,1,3.75E-05,0.000762208,0.17566047,
40.46035987,-11.59366195,-0.508645641,4.945585541,04/07/2018,-8.93E-06,0.000376374,1,1,1,-8.93E-06,0.000753274,0.175651535,
40.1428859,-11.01329559,-0.115927188,5.006459541,05/07/2018,0.000121361,0.000224177,1,1,1,0.000121361,0.000874635,0.175772897,
39.85138936,-9.851725515,1.05447375,5.108052396,06/07/2018,0.000202664,-2.41E-06,1,1,1,0.000202664,0.001077299,0.175975561,
39.00349025,-9.112797064,2.239133757,5.421156393,09/07/2018,3.55E-06,6.22E-05,1,1,1,3.55E-06,0.001080847,0.175979109,
38.69968288,-10.35698206,1.73887709,5.525703224,10/07/2018,-3.56E-06,-1.79E-05,1,1,1,-3.56E-06,0.001077291,0.175975553,
38.40385431,-10.26119224,1.950035686,5.636158727,11/07/2018,-0.000229566,-0.000417873,1,1,1,-0.000229566,0.000847725,0.175745987,
38.12378072,-10.51075706,2.199933415,5.726453428,12/07/2018,-1.96E-05,-0.000441629,1,1,1,-1.96E-05,0.000828094,0.175726356,
37.84238501,-10.31356,2.085858709,5.816909531,13/07/2018,1.77E-08,-0.000160269,1,1,1,1.77E-08,0.000828112,0.175726374,
36.97979056,-10.49854991,2.308646368,6.047423235,16/07/2018,-9.08E-05,-0.000174812,1,1,1,-9.08E-05,0.000737282,0.175635544,
36.68986642,-9.954169038,2.019600951,6.107211322,17/07/2018,0.000183642,-0.00012026,1,1,1,0.000183642,0.000920925,0.175819186,
36.38970189,-8.235608959,-0.715344569,6.0733896,18/07/2018,5.36E-05,0.000115235,1,1,1,5.36E-05,0.000974567,0.175872829,
36.09598414,-8.758291733,-0.325516926,6.053492814,19/07/2018,-5.37E-06,0.000571743,1,1,1,-5.37E-06,0.000969198,0.17586746,
35.81332019,-8.687863998,0.181140954,6.055145812,20/07/2018,-0.000265705,0.000418501,1,1,1,-0.000265705,0.000703493,0.175601755,
34.99997862,-8.600730822,0.29537452,6.036017224,23/07/2018,0.000108572,0.000314374,1,1,1,0.000108572,0.000812065,0.175710327,
34.71222005,-8.972035498,0.460811326,6.023730076,24/07/2018,2.14E-05,0.000465553,1,1,1,2.14E-05,0.000833457,0.175731719,
34.38029481,-7.983143864,-0.025540528,5.994524385,25/07/2018,-0.000144182,0.000446549,1,1,1,-0.000144182,0.000689275,0.175587537,
34.06345729,-7.680957249,0.2497246,5.966384133,26/07/2018,0.000303185,0.000711213,1,1,1,0.000303185,0.00099246,0.175890722,
33.78011153,-7.96982085,-0.363318344,5.914972053,27/07/2018,-6.26E-05,0.000798615,1,1,1,-6.26E-05,0.000929857,0.175828119,
32.95968275,-7.968243633,-0.436673861,5.762403986,30/07/2018,-0.000173006,0.000745157,1,1,1,-0.000173006,0.000756852,0.175655113,
32.71157669,-8.248817153,-0.89906433,5.684527081,31/07/2018,6.06E-05,0.000497281,1,1,1,6.06E-05,0.000817411,0.175715673,
32.42133787,-8.324035711,-1.244528247,5.565778358,01/08/2018,9.99E-05,-4.36E-06,1,1,1,9.99E-05,0.000917348,0.175815609,
32.14521561,-8.315633444,-0.888453136,5.435552379,02/08/2018,0.000263481,-7.99E-05,1,1,1,0.000263481,0.001180828,0.17607909,
31.84383711,-6.652729622,-3.81707085,5.234292802,03/08/2018,7.02E-05,-1.00E-05,1,1,1,7.02E-05,0.001251009,0.176149271,
30.97547414,-7.685837356,-4.318195091,4.664926859,06/08/2018,5.05E-05,2.46E-05,1,1,1,5.05E-05,0.001301476,0.176199738,
30.68481994,-7.785163044,-4.261602193,4.476465476,07/08/2018,-0.000223037,-6.49E-07,1,1,1,-0.000223037,0.00107844,0.175976701,
30.40067057,-7.719428651,-4.458272543,4.296593222,08/08/2018,6.10E-05,0.000560725,1,1,1,6.10E-05,0.001139474,0.176037736,
30.1210616,-7.876844552,-4.718153302,4.108627612,09/08/2018,-0.000309684,0.000827302,-1,1,1,-0.000309684,0.00082979,0.175728052,
29.87346028,-7.700535353,-3.92492107,3.948046634,10/08/2018,-0.000419569,0.000834873,-1,1,1,-0.000419569,0.000410221,0.175308483,
29.16385107,-7.471406679,-3.73622565,3.507768233,13/08/2018,-2.37E-05,0.000542103,-1,0.904761905,1,-2.37E-05,0.000386483,0.175284745,
28.87057564,-5.852039299,-2.448397595,3.378814934,14/08/2018,0.00019053,0.000156798,-1,0.80952381,1,0.00019053,0.000577013,0.175475275,
28.59906356,-6.76779636,-1.721238878,3.274590468,15/08/2018,0.0001691,0.000273771,-1,0.714285714,1,0.0001691,0.000746113,0.175644375,
28.30544902,-5.163948394,-3.3835299,3.10454268,16/08/2018,0.000108195,-0.000165477,-1,0.619047619,1,0.000108195,0.000854308,0.175752569,
28.02836749,-4.497547296,-3.30353189,2.93313825,17/08/2018,0.000230125,-0.000306328,-1,0.523809524,1,0.000230125,0.001084433,0.175982695,
27.25309526,-4.469778087,-3.13429595,2.467234779,20/08/2018,0.000190803,-0.000267011,-1,0.428571429,1,0.000190803,0.001275236,0.176173498,
27.01636363,-4.458748536,-3.145866342,2.325106106,21/08/2018,-4.47E-05,-0.000557415,-1,0.333333333,1,-4.47E-05,0.001230566,0.176128827,
26.78198873,-4.446916461,-3.034450389,2.190442326,22/08/2018,-8.27E-05,-0.000463464,-1,0.238095238,1,-8.27E-05,0.001147831,0.176046092,
26.52742604,-3.318096551,-3.099231127,2.070205185,23/08/2018,7.00E-06,-0.000657172,-1,0.142857143,1,7.00E-06,0.001154828,0.17605309,
26.29980424,-3.610243969,-2.809316161,1.955075763,24/08/2018,0.000284182,-0.000912386,-1,0.047619048,1,0.000284182,0.00143901,0.176337272,
25.61628154,-1.957391137,-1.898674504,1.678935822,27/08/2018,0.000202061,-0.000745249,-1,-0.047619048,0,0,0.00143901,0.176539333,
25.37688315,-2.748171457,-1.841840517,1.621905827,28/08/2018,-8.56E-05,-0.000462189,-1,-0.142857143,0,0,0.00143901,0.176453728,
25.16782017,-3.514067332,-1.449046803,1.580731073,29/08/2018,7.10E-06,-0.000437939,-1,-0.238095238,0,0,0.00143901,0.17646083,
24.94857235,-3.695171343,-1.815773327,1.518310484,30/08/2018,-0.000147939,-0.000307629,-1,-0.333333333,0,0,0.00143901,0.176312891,
24.75359378,-4.319864864,-2.038907396,1.491827188,31/08/2018,-0.00023816,-0.000502628,-1,-0.428571429,0,0,0.00143901,0.176074731,
24.13975313,-4.516494123,-1.95026637,1.390360355,03/09/2018,-5.37E-06,-0.000860006,-1,-0.523809524,0,0,0.00143901,0.17606936,
23.91195937,-7.292580439,-0.079349944,1.414006974,04/09/2018,0.000120352,-0.000553768,-1,-0.619047619,0,0,0.00143901,0.176189712,
23.67734659,-7.403511906,-0.044032927,1.453342772,05/09/2018,-0.000188461,-0.000553433,-1,-0.714285714,0,0,0.00143901,0.176001252,
23.44764872,-8.642695752,-0.233320419,1.478987923,06/09/2018,3.58E-05,-0.000920986,-1,-0.80952381,0,0,0.00143901,0.176037087,
23.20358592,-9.536393416,-0.951548398,1.475909674,07/09/2018,0.000251689,-0.000766181,-1,-0.904761905,0,0,0.00143901,0.176288777,
22.50622005,-9.347916097,-0.827229499,1.46981538,10/09/2018,-0.000152992,-0.00062512,-1,-1,0,0,0.00143901,0.176135784,
22.27853773,-9.786326564,-0.890227721,1.459838975,11/09/2018,-1.62E-05,-0.000290382,-1,-1,0,0,0.00143901,0.176119617,
22.0459671,-10.65988346,-1.564123745,1.41640129,12/09/2018,-0.000102239,-0.000191164,-1,-1,0,0,0.00143901,0.176017378,
21.81278011,-9.118803316,-2.074774447,1.336063341,13/09/2018,-0.000216206,-0.000333508,-1,-1,0,0,0.00143901,0.175801173,
21.53355334,-9.24425094,-1.977998047,1.238497938,14/09/2018,0.000225168,-0.000147774,-1,-1,0,0,0.00143901,0.17602634,
20.74277937,-8.58110918,-2.129451323,0.983505568,17/09/2018,-0.000209122,6.59E-05,-1,-1,0,0,0.00143901,0.175817218,
20.49126966,-8.672720618,-1.980804018,0.915774958,18/09/2018,5.00E-05,0.000227393,-1,-1,0,0,0.00143901,0.17586717,
20.23635497,-8.180490178,-1.480166258,0.873172616,19/09/2018,-5.35E-06,0.000393735,-1,-1,0,0,0.00143901,0.175861816,
19.99727691,-8.581998827,-0.929093371,0.851859569,20/09/2018,-0.000373139,0.000466859,-1,-1,0,0,0.00143901,0.175488677,
19.71794208,-10.03514175,-1.248395459,0.818438275,21/09/2018,0.000100949,0.000400002,-1,-1,0,0,0.00143901,0.175589626,
18.90926922,-9.216748255,-1.002925742,0.738355169,24/09/2018,9.05E-05,0.000181686,-1,-1,0,0,0.00143901,0.1756801,
18.64737027,-9.38272315,-0.793178982,0.732216611,25/09/2018,-5.32E-05,1.23E-05,-1,-1,0,0,0.00143901,0.175626947,
18.38808396,-9.25065992,-0.891896458,0.721829332,26/09/2018,8.15E-05,-0.000169908,-1,-1,0,0,0.00143901,0.175708479,
18.15259572,-8.588406128,-1.02362637,0.717697601,27/09/2018,0.000290162,-0.000154151,-1,-1,0,0,0.00143901,0.175998641,
17.93317814,-9.410770191,-2.115415721,0.680043922,28/09/2018,-0.00012369,8.39E-05,-1,-1,0,0,0.00143901,0.175874952,
17.17742089,-8.100856934,-2.784063183,0.459569735,01/10/2018,-0.00010785,0.000159271,-1,-1,0,0,0.00143901,0.175767102,
16.89138942,-7.977828383,-2.752082059,0.378661017,02/10/2018,-0.000200369,0.000251919,-1,-1,0,0,0.00143901,0.175566733,
16.6136824,-12.28321662,-0.574825341,0.387268856,03/10/2018,-0.000237027,0.000231064,-1,-1,0,0,0.00143901,0.175329706,
16.36806793,-12.59970738,-0.212954275,0.402941788,04/10/2018,0.000117777,0.000269835,-1,-1,0,0,0.00143901,0.175447483,
16.13216451,-10.62840709,-0.239484935,0.399159135,05/10/2018,3.62E-05,0.000427674,-1,-1,0,0,0.00143901,0.175483654,
15.45770075,-10.61851735,-0.488968696,0.381152871,08/10/2018,-0.000115863,0.000464154,-1,-1,0,0,0.00143901,0.17536779,
15.2342558,-10.51315418,-0.711852307,0.362672049,09/10/2018,1.81E-06,9.61E-05,-1,-1,0,0,0.00143901,0.175369604,
15.01851438,-10.21356299,-0.094970123,0.368290468,10/10/2018,0.000124894,-0.000239144,-1,-1,0,0,0.00143901,0.175494498,
14.80561695,-8.266205747,-1.336065508,0.350084633,11/10/2018,0.000232498,-0.000547012,-1,-1,0,0,0.00143901,0.175726996,
14.59792691,-7.349803175,-1.240922501,0.391889946,12/10/2018,-0.000116987,-0.000339359,-1,-1,0,0,0.00143901,0.175610009,
14.00009643,-5.55695519,-2.34545472,0.453222882,15/10/2018,8.28E-05,-0.000369405,-1,-1,0,0,0.00143901,0.175692833,
13.81405279,-8.116181253,-2.311388307,0.446192425,16/10/2018,-2.34E-05,-0.000758127,-1,-1,0,0,0.00143901,0.175669445,
13.61449676,-7.514501455,-2.866599895,0.415624183,17/10/2018,0.000263666,-0.000586204,-1,-1,0,0,0.00143901,0.17593311,
13.39189803,-7.570792685,-3.839199725,0.347494622,18/10/2018,0.000156099,-0.000200903,-1,-1,0,0,0.00143901,0.176089209,
13.11629785,-7.49842566,-4.531320817,0.230295036,19/10/2018,-0.000206798,-5.91E-05,-1,-1,0,0,0.00143901,0.175882412,
12.3485778,-7.261045857,-4.270706576,-0.099341668,22/10/2018,0.000174073,-0.000148649,-1,-1,0,0,0.00143901,0.176056485,
12.11145144,-7.193704915,-4.245908791,-0.201815383,23/10/2018,2.36E-05,0.000192297,-1,-1,0,0,0.00143901,0.176080101,
11.80517592,-9.194714015,-6.82826097,-0.400973851,24/10/2018,-0.000271468,3.64E-05,-1,-1,0,0,0.00143901,0.175808633,
11.46673586,-9.034430893,-6.987923202,-0.62373155,25/10/2018,-8.78E-05,-9.72E-05,-1,-1,0,0,0.00143901,0.175720802,
11.14544031,-9.056397679,-6.68617055,-0.832258714,26/10/2018,0.000107932,-0.000121886,-1,-1,0,0,0.00143901,0.175828734,
10.25704372,-8.661038368,-6.351654352,-1.39495494,29/10/2018,-0.000107932,2.00E-05,-1,-1,0,0,0.00143901,0.175720801,
9.960369642,-11.43528733,-8.043119992,-1.614901813,30/10/2018,0.000130205,0.000218249,-1,-1,0,0,0.00143901,0.175851006,
9.644025504,-13.15983873,-7.929701446,-1.875390717,31/10/2018,-0.000125002,0.000670705,-1,-1,0,0,0.00143901,0.175726004,
9.315248379,-11.84834936,-8.715673296,-2.142303943,01/11/2018,-0.000144379,0.000698749,-1,-1,0,0,0.00143901,0.175581625,
8.956275917,-13.03678962,-7.617444886,-2.386242576,02/11/2018,9.69E-05,0.000577907,-1,-1,0,0,0.00143901,0.175678547,
7.966057488,-13.52135781,-6.732026434,-3.026924931,05/11/2018,7.49E-05,0.000473419,-1,-1,0,0,0.00143901,0.175753489,
7.637198043,-11.70255009,-5.801350764,-3.17450854,06/11/2018,4.20E-05,0.000543299,-1,-1,0,0,0.00143901,0.175795464,
7.320652707,-11.85298486,-5.764700231,-3.319203143,07/11/2018,3.83E-05,0.000804728,-1,-1,0,0,0.00143901,0.175833757,
7.003776497,-11.99073993,-6.477907964,-3.463713032,08/11/2018,-0.000243115,0.000990025,-1,-1,0,0,0.00143901,0.175590642,
6.714710685,-12.69657325,-6.765328902,-3.612129948,09/11/2018,-0.00010279,0.001411131,-1,-1,0,0,0.00143901,0.175487852,
5.917395412,-12.06149865,-6.317896128,-4.000848461,12/11/2018,-0.000424855,0.001311617,-1,-1,0,0,0.00143901,0.175062997,
5.646844372,-11.55239703,-6.250439742,-4.130576411,13/11/2018,0.000290477,0.001366899,-1,-1,0,0,0.00143901,0.175353474,
5.297964417,-11.58890992,-6.680605759,-4.262892037,14/11/2018,-5.34E-05,0.00168132,-1,-1,0,0,0.00143901,0.17530004,
4.971795876,-12.01437537,-6.16113873,-4.371149999,15/11/2018,-0.000125057,0.001200638,-1,-1,0,0,0.00143901,0.175174983,
4.6491449,-12.12121777,-5.88205467,-4.494843107,16/11/2018,0.000328022,0.000937765,-1,-1,0,0,0.00143901,0.175503005,
3.74688104,-10.6474988,-6.594538839,-4.874076533,19/11/2018,0.000178503,0.000585269,1,-1,0,0,0.00143901,0.175681509,
3.454624405,-10.56463697,-6.387371262,-5.011135942,20/11/2018,0.00031587,0.000399332,1,-1,0,0,0.00143901,0.175997378,
3.159023842,-9.469299033,-7.11363073,-5.164974593,21/11/2018,-6.59E-05,0.000600029,1,-0.904761905,0,0,0.00143901,0.175931453,
2.873871357,-9.373515537,-7.009909954,-5.306726871,22/11/2018,6.95E-05,0.000933353,1,-0.80952381,0,0,0.00143901,0.17600093,
2.535549585,-10.97822948,-8.144138662,-5.474952403,23/11/2018,-0.000243683,0.001037607,1,-0.714285714,0,0,0.00143901,0.175757248,
1.587336508,-10.71446759,-8.084691175,-5.919053277,26/11/2018,-2.57E-05,0.001362392,1,-0.619047619,0,0,0.00143901,0.175731514,
1.285843536,-10.66736381,-8.056749351,-6.039019921,27/11/2018,-0.000132598,0.000819652,1,-0.523809524,0,0,0.00143901,0.175598915,
0.990530323,-9.978795544,-8.524705395,-6.172537994,28/11/2018,0.000272103,0.00070634,1,-0.428571429,0,0,0.00143901,0.175871018,
0.697251296,-9.086618254,-7.655585824,-6.272856947,29/11/2018,7.32E-05,0.000309135,1,-0.333333333,0,0,0.00143901,0.175944253,
0.440599751,-10.34970965,-8.393944267,-6.394547379,30/11/2018,0.000308077,0.000195073,1,-0.238095238,0,0,0.00143901,0.17625233,
-0.331351101,-11.00529262,-6.702457966,-6.65612914,03/12/2018,0.000124966,7.38E-07,1,-0.142857143,0,0,0.00143901,0.176377296,
-0.630090631,-10.87988091,-6.682265308,-6.711202035,04/12/2018,-4.59E-05,0.000261194,1,-0.047619048,0,0,0.00143901,0.176331396,
-0.939536396,-10.02679183,-6.499489753,-6.742618772,05/12/2018,-6.25E-05,0.000258999,1,0.047619048,1,-6.25E-05,0.001376496,0.176268883,
-1.268541135,-9.711445358,-6.262767632,-6.765679425,06/12/2018,0.000108174,-5.44E-05,1,0.142857143,1,0.000108174,0.00148467,0.176377056,
-1.617686656,-9.001902569,-6.399341174,-6.828923514,07/12/2018,1.83E-05,-9.68E-06,1,0.238095238,1,1.83E-05,0.001502984,0.17639537,
-2.627978607,-9.312426732,-6.883226565,-7.024535481,10/12/2018,8.25E-05,-0.00039922,-1,0.333333333,1,8.25E-05,0.001585491,0.176477878,
-2.985247915,-8.153200663,-6.654028327,-7.0936484,11/12/2018,-3.75E-06,-0.000403975,1,0.428571429,1,-3.75E-06,0.001581741,0.176474127,
-3.288300686,-7.868915727,-6.384398297,-7.09154172,12/12/2018,0.000190963,-0.000256993,-1,0.428571429,1,0.000190963,0.001772705,0.176665091,
-3.572553766,-8.470715508,-5.799532687,-7.074367052,13/12/2018,1.85E-06,-0.000453623,-1,0.523809524,1,1.85E-06,0.001774553,0.176666939,
-3.97273019,-13.87090092,-8.790879467,-7.180532754,14/12/2018,0.000189365,-0.000523206,-1,0.523809524,1,0.000189365,0.001963917,0.176856303,
-5.097451042,-11.8260493,-9.513750597,-7.521803286,17/12/2018,-0.00015266,-0.000479043,-1,0.523809524,1,-0.00015266,0.001811257,0.176703643,
-5.491856,-13.42851669,-8.879347538,-7.643962747,18/12/2018,-8.44E-05,-0.000469849,-1,0.523809524,1,-8.44E-05,0.001726888,0.176619274,
-5.897805138,-13.25725731,-9.067232422,-7.760332764,19/12/2018,-3.66E-05,-0.000305896,-1,0.523809524,1,-3.66E-05,0.001690261,0.176582647,
-6.272716039,-12.88056628,-8.870899836,-7.868676579,20/12/2018,-0.000251862,-0.000550415,-1,0.428571429,1,-0.000251862,0.001438399,0.176330785,
-6.638003731,-12.06230463,-9.929571419,-8.014338718,21/12/2018,0.000270174,-0.000667545,-1,0.333333333,1,0.000270174,0.001708573,0.176600959,
-7.619324842,-11.6567711,-9.501613546,-8.408030331,24/12/2018,8.96E-05,-0.000678282,-1,0.238095238,1,8.96E-05,0.001798214,0.1766906,
-7.911923029,-11.52273625,-9.369346662,-8.525787005,25/12/2018,7.85E-05,-0.001160688,-1,0.142857143,1,7.85E-05,0.001876734,0.17676912,
-8.193667002,-11.48669827,-9.171541015,-8.62916805,26/12/2018,0.000192187,-0.000504755,-1,0.047619048,1,0.000192187,0.002068921,0.176961307,
-8.464661916,-10.95796851,-9.358159658,-8.758137016,27/12/2018,-0.000270637,-0.000389867,-1,-0.047619048,0,0,0.002068921,0.17669067,
-8.720178743,-10.83805779,-9.18353049,-8.891693654,28/12/2018,-4.01E-05,-0.000273402,-1,-0.142857143,0,0,0.002068921,0.176650593,
-9.427348215,-10.02312739,-9.160263102,-9.283374691,31/12/2018,-8.91E-05,-0.000480746,-1,-0.238095238,0,0,0.002068921,0.176561465,
-9.665851076,-9.921313916,-9.038531658,-9.424035277,01/01/2019,1.09E-05,-0.000116928,-1,-0.333333333,0,0,0.002068921,0.17657237,
-9.970196771,-9.769974253,-8.919123954,-9.584562052,02/01/2019,-0.000240236,-0.000349431,-1,-0.428571429,0,0,0.002068921,0.176332134,
-10.2874729,-9.018533104,-9.276157491,-9.745822954,03/01/2019,0.000197942,-0.000380784,-1,-0.523809524,0,0,0.002068921,0.176530076,
-10.64483484,-12.68209883,-7.802457251,-9.858274527,04/01/2019,0.000105979,2.75E-05,-1,-0.619047619,0,0,0.002068921,0.176636056,
-11.61878363,-11.10542425,-7.726761441,-10.14705619,07/01/2019,-0.000295133,-0.000131025,-1,-0.714285714,0,0,0.002068921,0.176340923,
-11.97426785,-14.13627718,-9.055013968,-10.28415766,08/01/2019,0.000127271,0.00017236,-1,-0.80952381,0,0,0.002068921,0.176468194,
-12.30997379,-13.93060561,-9.059871608,-10.41292132,09/01/2019,-0.000393286,-9.11E-05,-1,-0.904761905,0,0,0.002068921,0.176074908,
-12.62045083,-14.79710917,-9.072691431,-10.52315535,10/01/2019,0.000186208,-0.000403985,-1,-0.904761905,0,0,0.002068921,0.176261116,
-12.95516665,-15.19020918,-9.156116372,-10.69991969,11/01/2019,0.000148829,-0.000203192,-1,-1,0,0,0.002068921,0.176409945,
-13.89727483,-15.11761739,-9.128754578,-11.18046896,14/01/2019,-7.26E-06,-0.00024844,-1,-1,0,0,0.002068921,0.176402681,
-14.2156637,-14.4112851,-9.382093728,-11.33276543,15/01/2019,-0.000222243,-6.78E-05,-1,-1,0,0,0.002068921,0.176180437,
-14.53391251,-14.6048115,-9.092994445,-11.46756205,16/01/2019,-4.02E-05,-5.15E-05,-1,-1,0,0,0.002068921,0.176140232,
-14.83778412,-15.0089241,-8.589261939,-11.59371288,17/01/2019,-2.74E-05,0.000102826,-1,-1,0,0,0.002068921,0.176112798,
-15.13235872,-13.96043742,-8.868022882,-11.71082688,18/01/2019,-8.79E-05,0.000185706,-1,-1,0,0,0.002068921,0.176024889,
-15.95425316,-13.46471062,-8.544327215,-12.00472924,21/01/2019,2.57E-05,0.000235236,-1,-1,0,0,0.002068921,0.176050545,
-16.21480788,-12.90012765,-8.173341171,-12.03909533,22/01/2019,-2.75E-05,0.000134387,-1,-1,0,0,0.002068921,0.176023055,
-16.50947422,-12.75333379,-8.696419958,-12.10049193,23/01/2019,6.78E-05,0.000422768,-1,-1,0,0,0.002068921,0.176090838,
-16.87443528,-17.05170101,-8.927767896,-12.17527929,24/01/2019,-0.000290219,-5.62E-05,-1,-1,0,0,0.002068921,0.175800619,
-17.25702921,-18.19946759,-9.538463384,-12.2774593,25/01/2019,0.000385297,-0.000255507,-1,-1,0,0,0.002068921,0.176185916,
-18.27892114,-17.47539591,-9.181354827,-12.54509976,28/01/2019,7.48E-05,-0.00020597,-1,-1,0,0,0.002068921,0.176260727,
-18.59381401,-16.9325084,-9.270212086,-12.63159411,29/01/2019,2.73E-05,-4.04E-06,-1,-1,0,0,0.002068921,0.176288063,
-18.95856606,-17.78206549,-8.866164043,-12.7108208,30/01/2019,-0.000196438,-0.000105625,-1,-1,0,0,0.002068921,0.176091624,
-19.33398989,-18.10133567,-8.309978531,-12.76761303,31/01/2019,0.000123582,3.54E-05,-1,-1,0,0,0.002068921,0.176215206,
-19.80004938,-22.03866761,-3.943478649,-12.70820627,01/02/2019,-3.46E-05,8.96E-05,-1,-1,0,0,0.002068921,0.176180645,
-21.0779125,-19.55604595,-5.622915388,-12.59632446,04/02/2019,7.46E-05,-7.14E-05,-1,-1,0,0,0.002068921,0.176255272,
-21.57426744,-17.94583545,-5.155024198,-12.58872898,05/02/2019,0.000113111,-0.000469824,-1,-1,0,0,0.002068921,0.176368383,
-22.03543151,-18.88749424,-5.258190991,-12.55992311,06/02/2019,-3.12E-05,-0.000229417,-1,-1,0,0,0.002068921,0.176337169,
-22.47574885,-19.16179839,-6.308058385,-12.56752135,07/02/2019,-8.99E-05,-0.000322697,-1,-1,0,0,0.002068921,0.176247268,
-22.89949531,-19.18377051,-6.527938421,-12.58553473,08/02/2019,-7.72E-05,-0.000256521,-1,-1,0,0,0.002068921,0.176170053,
-24.02560275,-18.45762625,-6.448087293,-12.57160779,11/02/2019,-0.000164092,-0.000519852,-1,-1,0,0,0.002068921,0.17600596,
-24.38835924,-17.80049479,-6.810789924,-12.58208341,12/02/2019,0.000193528,-0.000138273,-1,-1,0,0,0.002068921,0.176199488,
-24.76725168,-17.96450622,-7.10047799,-12.64399463,13/02/2019,-0.000267491,-0.00034866,-1,-1,0,0,0.002068921,0.175931997,
-25.20980231,-11.19126659,-12.5829873,-12.83838144,14/02/2019,0.000140419,-0.000374371,-1,-1,0,0,0.002068921,0.176072416,
-25.66378454,-9.193533031,-13.64992771,-13.06054764,15/02/2019,-1.11E-05,-0.00043158,-1,-1,0,0,0.002068921,0.176061348,
-26.8668236,-9.039229867,-13.0003672,-13.65112923,18/02/2019,6.64E-05,-0.000293127,-1,-1,0,0,0.002068921,0.176127715,
-27.2316935,-9.518701969,-12.56527411,-13.80714261,19/02/2019,0.000108535,-0.000477834,1,-1,0,0,0.002068921,0.17623625,
-27.60460097,-9.45588217,-13.10990211,-13.9673385,20/02/2019,2.20E-05,-0.000718522,1,-1,0,0,0.002068921,0.176258292,
-28.03009226,-6.428027988,-12.58561122,-14.10524478,21/02/2019,-3.31E-05,-0.000615404,1,-0.904761905,0,0,0.002068921,0.176225225,
-28.46378996,-6.727946471,-12.58500662,-14.24375126,22/02/2019,-1.84E-06,-0.000377894,1,-0.80952381,0,0,0.002068921,0.176223387,
-29.61831412,-6.519153247,-12.19253174,-14.61082941,25/02/2019,-9.36E-05,-0.000155323,1,-0.714285714,0,0,0.002068921,0.176129747,
-30.00323242,-4.977303629,-13.13263466,-14.76303159,26/02/2019,-0.000124527,-0.000156195,1,-0.619047619,0,0,0.002068921,0.17600522,
-30.42431774,-4.193114909,-13.35877729,-14.93603408,27/02/2019,7.69E-05,-0.000234064,1,-0.523809524,0,0,0.002068921,0.176082093,
-30.87916446,-5.04978869,-13.40314781,-15.13857545,28/02/2019,5.50E-06,-0.000313668,1,-0.428571429,0,0,0.002068921,0.176087589,
-31.49457378,-2.704704419,-15.71731907,-15.40753554,01/03/2019,2.20E-05,-0.000418269,1,-0.333333333,0,0,0.002068921,0.176109581,
-33.14001626,-2.796449174,-15.2537117,-16.11741186,04/03/2019,0.000106457,-0.000417145,1,-0.238095238,0,0,0.002068921,0.176216038,
-33.62967824,-3.426682461,-12.39701872,-16.21036013,05/03/2019,0.000128844,-0.000387769,1,-0.142857143,0,0,0.002068921,0.176344883,
-34.08678519,-3.24300209,-12.45670269,-16.30491656,06/03/2019,-4.79E-05,6.23E-05,1,-0.047619048,0,0,0.002068921,0.176296978,
-34.5176226,-3.3561306,-11.91404451,-16.37946645,07/03/2019,-0.000429632,6.49E-07,1,0.047619048,1,-0.000429632,0.001639289,0.175867345,
-34.99229381,-1.861976345,-12.32157545,-16.56141503,08/03/2019,0.000150506,0.000278368,1,0.142857143,1,0.000150506,0.001789794,0.176017851,
-36.23966461,-4.614580557,-10.2694651,-16.95293416,11/03/2019,-0.000170496,0.000337464,1,0.238095238,1,-0.000170496,0.001619299,0.175847355,
-36.62664263,-2.661237394,-11.02640287,-17.06986718,12/03/2019,-9.79E-05,0.000471985,1,0.333333333,1,-9.79E-05,0.001521383,0.175749439,
-36.99793959,-3.666200438,-9.728221887,-17.12602874,13/03/2019,-6.98E-05,0.000307898,-1,0.428571429,1,-6.98E-05,0.00145158,0.175679636,
-37.38775677,-3.209810105,-10.00202078,-17.20641846,14/03/2019,0.000114088,0.000385245,1,0.523809524,1,0.000114088,0.001565668,0.175793724,
-37.77182992,-2.71316817,-10.28206285,-17.32151733,15/03/2019,-7.00E-05,0.000366686,1,0.523809524,1,-7.00E-05,0.001495699,0.175723756,
-38.78995816,-2.652385219,-10.17140974,-17.59373096,18/03/2019,-3.68E-05,0.000403654,1,0.619047619,1,-3.68E-05,0.001458921,0.175686977,
-39.08052851,-1.560130058,-9.47430778,-17.63895496,19/03/2019,9.16E-06,-0.000109706,1,0.714285714,1,9.16E-06,0.001468078,0.175696135,
-39.35576252,-1.604209138,-9.27324479,-17.66679306,20/03/2019,0.000246989,-1.19E-05,1,0.80952381,1,0.000246989,0.001715067,0.175943123,
-39.61329458,-2.341431812,-8.581642142,-17.6512785,21/03/2019,-0.000162665,0.000309974,-1,0.904761905,1,-0.000162665,0.001552401,0.175780458,
-39.97122233,-8.601704183,-12.90840493,-17.79362828,22/03/2019,-0.000273755,0.000345834,1,0.904761905,1,-0.000273755,0.001278646,0.175506703,
-40.91635716,-7.549473503,-11.56946238,-18.11149895,25/03/2019,0.000101279,0.000453324,1,0.80952381,1,0.000101279,0.001379926,0.175607982,
-41.25781279,-5.995383926,-12.61699627,-18.2309059,26/03/2019,0.00014387,0.000273037,1,0.80952381,1,0.00014387,0.001523796,0.175751853,
-41.58242211,-6.204263586,-12.74940281,-18.34858587,27/03/2019,9.80E-05,0.000245654,1,0.80952381,1,9.80E-05,0.00162184,0.175849897,
-41.93823787,-7.141732519,-13.12566343,-18.47537237,28/03/2019,7.60E-05,0.00018929,1,0.80952381,1,7.60E-05,0.001697841,0.175925897,
-42.26324242,-8.573174088,-12.63130923,-18.59818524,29/03/2019,-7.24E-05,9.07E-05,1,0.80952381,1,-7.24E-05,0.001625468,0.175853524,
-43.30125414,-8.096807624,-14.44842059,-18.91438093,01/04/2019,-5.76E-05,0.000153896,1,0.80952381,1,-5.76E-05,0.001567856,0.175795913,
-43.7450245,-8.026287815,-13.98644705,-19.0459365,02/04/2019,1.86E-06,0.000126365,1,0.80952381,1,1.86E-06,0.001569713,0.17579777,
-44.19619724,-3.614209617,-14.40374376,-19.15870177,03/04/2019,0.000129968,3.13E-05,1,0.80952381,1,0.000129968,0.001699681,0.175927738,
-44.61611516,-5.854698793,-14.90476255,-19.30712256,04/04/2019,-1.85E-05,0,1,0.80952381,1,-1.85E-05,0.001681152,0.175909209,
-45.00471382,-6.072919654,-14.35441366,-19.43043483,05/04/2019,2.04E-05,0,1,0.80952381,1,2.04E-05,0.001701583,0.175929639,
-46.01479066,-6.007086568,-14.16145495,-19.74119359,08/04/2019,8.89E-05,0,1,0.80952381,1,8.89E-05,0.001790444,0.1760185,
-46.30902288,-5.270997237,-14.44299666,-19.82830456,09/04/2019,0.000107223,0,1,0.80952381,1,0.000107223,0.001897667,0.176125724,
-46.58118929,-3.186691866,-14.85949317,-19.92689235,10/04/2019,-3.88E-05,0,1,0.80952381,1,-3.88E-05,0.001858847,0.176086903,
-46.84032392,-4.319952577,-13.79964259,-19.97606389,11/04/2019,6.47E-05,0,1,0.80952381,1,6.47E-05,0.001923565,0.176151622,
-47.09077359,-3.83481782,-13.79338842,-20.03082361,12/04/2019,-5.00E-05,0,1,0.80952381,1,-5.00E-05,0.001873566,0.176101622,
-47.72999157,-3.992193906,-13.15946558,-20.15496122,15/04/2019,7.38E-06,0,1,0.904761905,1,7.38E-06,0.001880945,0.176109002,
-47.91238957,-2.398255042,-13.90881126,-20.20917481,16/04/2019,-5.53E-05,0,1,0.904761905,1,-5.53E-05,0.001825607,0.176053663,
-48.09479543,-2.415414903,-13.88598895,-20.17320973,17/04/2019,4.61E-05,0,1,0.904761905,1,4.61E-05,0.001871732,0.176099788,
-48.34487071,-3.735633004,-13.17019411,-20.10744076,18/04/2019,-0.000266371,0,1,0.904761905,1,-0.000266371,0.001605361,0.175833417,
-48.57145852,-3.724985237,-12.82702445,-20.03359611,19/04/2019,-6.49E-05,0,1,0.904761905,1,-6.49E-05,0.001540482,0.175768538,
-49.13895604,-2.081994571,-13.55181338,-19.85330374,22/04/2019,4.81E-05,0,1,0.904761905,1,4.81E-05,0.00158862,0.175816677,
-49.31395602,-2.936828186,-12.98719029,-19.84106544,23/04/2019,0.00013714,0,1,1,1,0.00013714,0.00172576,0.175953817,
-49.49114787,-3.564117509,-13.36397278,-19.85270895,24/04/2019,0.00025136,0,1,1,1,0.00025136,0.00197712,0.176205176,
-49.67505558,-2.970225894,-13.66835424,-19.93589037,25/04/2019,-8.22E-05,0,1,1,1,-8.22E-05,0.001894878,0.176122934,
-49.84819463,-5.57732747,-12.12566627,-19.95950906,26/04/2019,4.86E-05,0,1,1,1,4.86E-05,0.001943495,0.176171551,
-50.28662577,-6.901689679,-12.0843644,-20.0066165,29/04/2019,-0.000128737,0,1,1,1,-0.000128737,0.001814758,0.176042814,
-50.46581327,-4.237364072,-10.44830955,-20.03191642,30/04/2019,-0.000156203,0,1,1,1,-0.000156203,0.001658555,0.175886611,
-50.65696902,-5.321218895,-9.832693822,-20.01424917,01/05/2019,6.51E-05,0,1,1,1,6.51E-05,0.001723609,0.175951666,
-50.91552938,-5.326760721,-10.32362597,-20.03267539,02/05/2019,0.000102437,0,1,1,1,0.000102437,0.001826046,0.176054103,
-51.17830989,-3.749486661,-8.810857168,-20.00130806,03/05/2019,-0.000113594,0,1,1,1,-0.000113594,0.001712452,0.175940509,
