ESI_Global_normalised_madiff,EDI_EURUSD_spread_spotvma,EDI_G10_normalised_spotvma,EDI_Global_normalised_madiff,Date,RF,target,Predictions,scaled_signal,trend_buy_sell,strat_returns,strat_returns_sum,nonfiltered_ret
66.42453813330158,11.773617631007689,5.731117809660377,17.43722577273593,2017-08-30,0.00246289,0.01024405200000001,1.0,,0,0.0,0.0,0.00246289
66.49221004763653,11.828640124063135,5.009149782052607,17.433223924644892,2017-08-31,-0.0006173010000000003,0.008932192000000009,1.0,,0,-0.0,0.0,0.001845589
66.64048941293257,10.336562262649963,5.437640940518147,17.4784562840221,2017-09-01,0.0002531070000000001,0.00872123500000001,1.0,,0,0.0,0.0,0.002098696
66.974727611338,10.13497667767587,5.232598824877723,17.618316281631433,2017-09-04,-4.701299999999955e-05,0.01034854000000001,1.0,,0,-0.0,0.0,0.0020516830000000008
67.01876725373997,10.353099662149297,3.982551981231437,17.646122617475115,2017-09-05,-0.0007132360000000001,0.01256363000000001,1.0,,0,-0.0,0.0,0.0013384470000000006
67.04999071206684,10.092964145702734,3.60265184339414,17.649270347430104,2017-09-06,-0.0004924639999999999,0.009726927000000008,1.0,,0,-0.0,0.0,0.0008459830000000008
67.05328682483703,11.440601122974186,2.0876332820361085,17.59692524851188,2017-09-07,0.0033940470000000003,0.009449154000000008,1.0,,0,0.0,0.0,0.004240030000000001
67.085299523776,11.165889578978984,2.5359494351083267,17.580882264384993,2017-09-08,0.0005599130000000004,0.008562235000000007,1.0,,0,0.0,0.0,0.004799943000000002
67.08591901153343,10.78868437041049,2.5990286002822067,17.492540509159085,2017-09-11,0.002079234,0.0068464550000000065,1.0,,0,0.0,0.0,0.006879177000000002
67.12728790925144,10.133887229421335,3.1357432815021955,17.45686367243364,2017-09-12,-8.985399999999994e-05,0.008323711000000006,1.0,,0,-0.0,0.0,0.006789323000000002
67.15514048684332,10.007909056446566,2.9860314978040545,17.409790342803333,2017-09-13,-0.001026787,0.009081040000000005,1.0,,0,-0.0,0.0,0.005762536000000002
67.14616701862985,9.292931144708485,3.6999002300807184,17.341355832836996,2017-09-14,-0.000221879,0.007703113000000005,1.0,,0,-0.0,0.0,0.005540657000000002
67.12137779408664,12.210088370973,1.5020809735945022,17.212826496992932,2017-09-15,0.00151977,0.008369689000000005,1.0,,0,0.0,0.0,0.007060427000000002
66.9807250538413,12.720586578851087,0.8717081791496408,16.81328050964082,2017-09-18,5.326099999999992e-05,0.009092695000000005,1.0,,0,0.0,0.0,0.007113688000000002
66.93977476105013,11.993135908153489,1.9455646157865,16.719382436352518,2017-09-19,0.00026427299999999993,0.0072670620000000056,1.0,,0,0.0,0.0,0.0073779610000000015
66.92215879337172,11.865684149066631,3.071461745760121,16.671024530371696,2017-09-20,0.003897763,0.004903696000000005,1.0,,0,0.0,0.0,0.011275724
66.89040562353529,10.03412723978209,4.43099492903694,16.682108326407686,2017-09-21,0.0007859160000000001,0.005127489000000005,1.0,,0,0.0,0.0,0.01206164
66.91153638583296,15.457278223258092,7.5771239676517865,16.80948731606774,2017-09-22,-1.5968000000000115e-05,0.005272534000000005,1.0,,0,-0.0,0.0,0.012045672
66.89035499374047,14.43759910198078,6.8792834996975145,17.11755445151502,2017-09-25,-0.00026455299999999995,0.0010034250000000053,1.0,,0,-0.0,0.0,0.011781119
66.85529758798629,15.15953400638383,6.079824381824388,17.16612068878497,2017-09-26,0.002304045,0.005168239000000005,1.0,,0,0.0,0.0,0.014085163999999999
66.83566311799814,15.89872213752181,7.85403174052203,17.275572409203118,2017-09-27,-0.0008743599999999997,0.008005970000000006,1.0,,0,-0.0,0.0,0.013210804
66.86221772059625,17.151032652920534,8.962716932047877,17.420191713857125,2017-09-28,-0.0010901940000000005,0.009050365000000006,1.0,,0,-0.0,0.0,0.012120609999999999
66.89647659043304,16.131715462979212,8.157559614788198,17.549331152481713,2017-09-29,-3.0969000000000035e-05,0.010367125000000005,-1.0,1.0,1,-3.0969000000000035e-05,-3.0969000000000035e-05,0.012089640999999998
67.08242232433697,13.480040724991452,10.147390485952569,18.022299040803983,2017-10-02,-0.001058753,0.009373979000000005,1.0,1.0,1,-0.001058753,-0.001089722,0.011030887999999999
67.25389625970203,13.331290483522954,9.772839506638428,18.231548262180727,2017-10-03,-0.00025797000000000027,0.009988698000000004,1.0,0.9047619047619048,1,-0.00025797000000000027,-0.0013476920000000002,0.010772918
67.42490678091109,10.853403955006751,10.634555061760869,18.463133190667648,2017-10-04,0.0009140690000000004,0.006299664000000004,1.0,0.9047619047619048,1,0.0009140690000000004,-0.00043362299999999973,0.011686987
67.60152766905134,10.102673062510725,10.808454503539224,18.69871150963085,2017-10-05,0.001722626,0.005841846000000005,1.0,0.9047619047619048,1,0.001722626,0.0012890030000000004,0.013409612999999999
67.72973393761734,13.177534101463161,9.433144761123609,18.88346699941623,2017-10-06,0.000557344,0.004922431000000006,1.0,0.9047619047619048,1,0.000557344,0.0018463470000000004,0.013966956999999999
68.00697713590499,13.667334343682699,9.614452328928444,19.383429474625565,2017-10-09,0.00028213999999999995,0.0037101660000000048,1.0,0.9047619047619048,1,0.00028213999999999995,0.002128487,0.014249096999999999
68.09339951749782,14.99188922003685,9.926989958355358,19.562109639940655,2017-10-10,0.0011923150000000002,0.0074763800000000056,1.0,0.9047619047619048,1,0.0011923150000000002,0.0033208020000000003,0.015441411999999998
68.19271059053543,14.906682388288806,9.906811523138128,19.748329479183184,2017-10-11,-0.001805634,0.006402857000000006,1.0,0.9047619047619048,1,-0.001805634,0.0015151680000000003,0.013635777999999998
68.29819881235575,14.931524060967185,10.103954457526669,19.980333401626282,2017-10-12,0.0004504689999999999,0.005867474000000006,1.0,0.9047619047619048,1,0.0004504689999999999,0.001965637,0.014086246999999998
68.41974422099302,15.420781422019289,9.4986611879626,20.175126649616413,2017-10-13,0.0005354500000000001,0.0004471830000000051,1.0,0.9047619047619048,1,0.0005354500000000001,0.0025010870000000004,0.014621696999999998
68.66756312938354,14.738497177013516,9.221809865375368,20.673986286265688,2017-10-16,0.00014184299999999998,0.0008450120000000054,1.0,0.9047619047619048,1,0.00014184299999999998,0.0026429300000000004,0.014763539999999997
68.74170474201107,13.369094285606685,9.670184157860968,20.815254875233947,2017-10-17,0.0007198369999999999,-0.0001815479999999945,1.0,0.9047619047619048,1,0.0007198369999999999,0.003362767,0.015483376999999996
68.80689261273372,14.563447852420031,8.709205623041429,20.9198877749412,2017-10-18,0.0009872790000000002,-0.0030709229999999945,1.0,0.9047619047619048,1,0.0009872790000000002,0.004350046,0.016470655999999997
68.85812509735118,14.011580045217464,8.475911991667099,21.0056986051806,2017-10-19,0.00207213,-0.0008354349999999942,1.0,0.9047619047619048,1,0.00207213,0.006422176,0.018542786
68.88790273379055,13.8557068009751,7.808247469162755,21.059738469402305,2017-10-20,-0.00157745,-0.001010443999999994,1.0,0.9047619047619048,1,-0.00157745,0.004844726,0.016965335999999998
68.88676960204765,13.07586932873502,7.734331460944508,21.187979547113162,2017-10-23,0.0002078249999999998,0.000876550000000006,1.0,0.9047619047619048,1,0.0002078249999999998,0.005052551,0.017173160999999996
68.91321896184454,12.010766260714163,8.21053797090161,21.246782609164256,2017-10-24,-0.00011950799999999995,0.002973394000000006,1.0,0.9047619047619048,1,-0.00011950799999999995,0.004933043,0.017053652999999995
68.96964957488797,7.773465358095013,12.49213683099013,21.456033391948907,2017-10-25,-0.001965064,-0.0005023679999999945,1.0,0.9047619047619048,1,-0.001965064,0.002967979,0.015088588999999996
69.05614450314593,8.339935035843887,12.729722842785106,21.70784138417559,2017-10-26,0.0032904540000000004,-0.0028013309999999946,1.0,0.9047619047619048,1,0.0032904540000000004,0.006258433000000001,0.018379042999999998
69.14818182875314,6.5660198843880435,13.822449504373171,21.989997158115887,2017-10-27,0.0017475370000000002,-0.005858116999999994,1.0,0.9047619047619048,1,0.0017475370000000002,0.008005970000000001,0.020126579999999998
69.39561658368919,7.391196937717585,14.51216646033087,22.772217278891286,2017-10-30,0.0010134259999999996,-0.005999093999999995,1.0,0.9047619047619048,1,0.0010134259999999996,0.009019396,0.021140005999999996
69.51142262774337,5.989242388493808,13.48264712452086,23.02350038604834,2017-10-31,0.00025800700000000004,-0.0030370909999999944,1.0,0.9047619047619048,1,0.00025800700000000004,0.009277403,0.021398012999999997
69.63356892263411,5.767157702165053,13.622130853736913,23.226246206278702,2017-11-01,-0.0012511160000000007,-0.004327797999999995,1.0,1.0,1,-0.0012511160000000007,0.008026287,0.020146896999999997
69.77578308294451,5.541143054362947,13.726144727321234,23.42151569190381,2017-11-02,0.0015287880000000005,-0.0034310019999999955,1.0,1.0,1,0.0015287880000000005,0.009555075,0.021675684999999997
69.95358938124454,5.514725999821124,13.84504915042769,23.60934191370471,2017-11-03,-0.001966408,-0.005051768999999996,1.0,1.0,1,-0.001966408,0.007588667,0.019709276999999997
70.363828940389,6.150910816262432,13.682341534063509,24.09208917094789,2017-11-06,9.952599999999997e-05,-0.005620827999999996,1.0,1.0,1,9.952599999999997e-05,0.007688193,0.019808802999999996
70.47074384045715,5.952501474853373,13.39750561339203,24.224418232962012,2017-11-07,-0.0006372749999999992,-0.005930629999999996,1.0,1.0,1,-0.0006372749999999992,0.0070509180000000015,0.019171527999999997
70.5757039567339,5.934207553057486,13.2879120363269,24.35002541014326,2017-11-08,-1.9949999999999946e-05,-0.007260497999999997,1.0,1.0,1,-1.9949999999999946e-05,0.007030968000000001,0.019151577999999995
70.65755182950384,6.376891054473324,12.165816625617516,24.418833495968016,2017-11-09,0.0019605800000000013,-0.0067633439999999975,1.0,1.0,1,0.0019605800000000013,0.008991548000000002,0.021112157999999995
70.7391468173447,6.2116666391872775,11.82415351351874,24.4628045817595,2017-11-10,-0.0006230539999999997,-0.007926570999999997,1.0,1.0,1,-0.0006230539999999997,0.008368494000000002,0.020489103999999994
70.88089850354487,6.130496371171668,11.38828546530194,24.543123652457524,2017-11-13,6.700000000007915e-08,0.0007871860000000044,1.0,1.0,1,6.700000000007915e-08,0.008368561000000002,0.020489170999999994
70.9376286084337,6.902684438346556,11.434558196072798,24.554039494600506,2017-11-14,-0.005278448000000001,-0.002700630999999996,1.0,1.0,1,-0.005278448000000001,0.003090113000000001,0.015210722999999992
70.97021108626653,7.258167319906322,10.751312365607287,24.544969732024754,2017-11-15,0.0011176660000000002,-0.003290264999999996,1.0,1.0,1,0.0011176660000000002,0.004207779000000002,0.016328388999999992
71.00792869409094,5.310517188782483,11.990999108341288,24.581962889655408,2017-11-16,-3.928099999999968e-05,-0.0008942529999999972,1.0,1.0,1,-3.928099999999968e-05,0.004168498000000002,0.016289107999999993
71.05623828035922,2.7138774587106145,13.70775557428674,24.695352916095292,2017-11-17,-0.0008172449999999999,-0.0022909199999999975,1.0,1.0,1,-0.0008172449999999999,0.0033512530000000024,0.015471862999999994
71.14677804440271,2.6713615871680645,12.855289940069687,24.95475687804111,2017-11-20,0.0006580380000000003,-0.001110608999999998,1.0,1.0,1,0.0006580380000000003,0.0040092910000000025,0.016129900999999995
71.17846954492094,2.2261402618530344,12.9259752978157,25.02652332788911,2017-11-21,3.2815999999999965e-05,-0.0031311929999999983,1.0,1.0,1,3.2815999999999965e-05,0.004042107000000002,0.016162716999999997
71.19393588198011,3.0305467206664574,12.332912982548766,25.071921115760613,2017-11-22,0.001767486,-0.0033992989999999984,1.0,1.0,1,0.001767486,0.005809593000000002,0.017930202999999995
71.2736460496729,9.963528279486264,16.24922981876992,25.256190320809765,2017-11-23,0.00013178000000000004,-0.0032139909999999985,1.0,1.0,1,0.00013178000000000004,0.0059413730000000015,0.018061982999999997
71.34680320030023,11.289489585951689,15.68909192113375,25.40576686025544,2017-11-24,-0.00018530800000000005,-0.002526207999999999,1.0,1.0,1,-0.00018530800000000005,0.005756065000000001,0.017876674999999998
71.48972023887488,8.095688505911408,16.0638786963927,25.805600867990638,2017-11-27,-0.0005514259999999999,-0.0017632949999999987,1.0,1.0,1,-0.0005514259999999999,0.005204639000000001,0.017325248999999997
71.52998527706329,7.834149320676727,15.919484030324108,25.933817739965328,2017-11-28,-0.00204336,-0.0033924129999999986,1.0,1.0,1,-0.00204336,0.003161279000000001,0.015281888999999996
71.62282078750772,6.659963131902168,15.436970040604406,26.03784448642753,2017-11-29,0.0001170299999999998,-0.007612521999999998,1.0,1.0,1,0.0001170299999999998,0.003278309000000001,0.015398918999999997
71.69083207897248,4.637753126366557,13.435233148052824,25.99185004883502,2017-11-30,0.0017108869999999993,-0.006623364999999998,1.0,1.0,1,0.0017108869999999993,0.004989196,0.017109805999999995
71.85835266550818,4.413842584815344,14.437349447815652,25.992373022693556,2017-12-01,0.0002380810000000002,-0.010397822,1.0,1.0,1,0.0002380810000000002,0.005227277000000001,0.017347886999999996
72.21500548601206,3.5609980729754245,14.4360552899716,25.980956649819788,2017-12-04,-0.0010696120000000002,-0.009868609999999998,1.0,1.0,1,-0.0010696120000000002,0.0041576650000000005,0.016278274999999995
72.32939480966084,3.7916656502871326,13.429822384157925,25.95748873799883,2017-12-05,-0.0015212410000000006,-0.007400795999999998,1.0,1.0,1,-0.0015212410000000006,0.002636424,0.014757033999999994
72.43088274306024,4.023635724084574,13.35480187848445,25.940120753904747,2017-12-06,-0.001206334,-0.0004696429999999969,1.0,1.0,1,-0.001206334,0.00143009,0.013550699999999994
72.51242377068401,2.6268912818278665,12.43177677526271,25.887534239113027,2017-12-07,-0.00032975199999999994,-0.001955420999999997,1.0,1.0,1,-0.00032975199999999994,0.001100338,0.013220947999999995
72.6226418190371,2.410615761445854,14.357727306125028,25.96460897233956,2017-12-08,0.000630712,0.002565524000000003,1.0,1.0,1,0.000630712,0.00173105,0.013851659999999995
72.82686468219555,2.4577362010392427,13.304721331801007,26.1199560938105,2017-12-11,-0.00012589999999999994,0.003797192000000002,1.0,1.0,1,-0.00012589999999999994,0.00160515,0.013725759999999995
72.88863833652466,1.1452967750653062,14.185778715466235,26.14655068473958,2017-12-12,-0.0011631599999999995,0.001117829000000002,1.0,1.0,1,-0.0011631599999999995,0.0004419900000000006,0.012562599999999995
72.93492695257953,2.8700033979863364,13.122590617566777,26.1086110534513,2017-12-13,0.003435309,0.007375671000000002,1.0,1.0,1,0.003435309,0.0038772990000000007,0.015997908999999994
73.08991581272514,4.12541472496725,17.63080285372405,26.232265022257717,2017-12-14,-0.002370151,0.006519482000000002,-1.0,1.0,1,-0.002370151,0.0015071480000000007,0.013627757999999993
73.25921393036147,4.39248384588714,17.113049957217992,26.31693293832436,2017-12-15,-0.0006289149999999999,0.0028646610000000027,-1.0,1.0,1,-0.0006289149999999999,0.0008782330000000008,0.012998842999999993
73.65895617689958,3.158110075961225,17.674349264277726,26.560491392976488,2017-12-18,0.0015787669999999994,0.003159567000000003,-1.0,0.9047619047619048,1,0.0015787669999999994,0.002457,0.014577609999999993
73.81687975571134,1.6847124891085716,18.245143772299837,26.686480096541253,2017-12-19,-0.000738629,-0.000805755999999996,-1.0,0.8095238095238095,1,-0.000738629,0.001718371,0.013838980999999993
73.94982224834425,1.7139264162016197,17.986687420932782,26.80449587021728,2017-12-20,0.0012131269999999994,-0.004272517999999996,-1.0,0.7142857142857143,1,0.0012131269999999994,0.0029314979999999994,0.015052107999999993
74.08365395111333,2.639867845456932,17.411339606002407,26.90674728189981,2017-12-21,-0.0002530980000000001,-0.008693134999999996,-1.0,0.6190476190476191,1,-0.0002530980000000001,0.002678399999999999,0.014799009999999993
74.26548379615245,0.7111508766113523,19.433305967972558,27.07480333328012,2017-12-22,-0.00013632600000000004,-0.009480256999999995,-1.0,0.5238095238095238,1,-0.00013632600000000004,0.002542073999999999,0.014662683999999992
74.66044175011405,0.8400139596346037,18.658269944146664,27.49436608200969,2017-12-25,0.0,-0.007887400999999995,-1.0,0.42857142857142855,1,0.0,0.002542073999999999,0.014662683999999992
74.75518749476939,0.9367213214552184,18.683343320260228,27.616025746380853,2017-12-26,0.0001363569999999999,-0.0005107449999999947,-1.0,0.3333333333333333,1,0.0001363569999999999,0.002678430999999999,0.014799040999999992
74.83303572688506,1.1039186541904975,18.436014208677424,27.729188456360568,2017-12-27,-0.001280447,-0.0021644939999999947,-1.0,0.23809523809523808,1,-0.001280447,0.0013979839999999988,0.013518593999999991
74.88693190106893,1.2968028003867254,18.343410708298237,27.83038203614475,2017-12-28,-0.0015120880000000002,0.0028520880000000057,-1.0,0.14285714285714285,1,-0.0015120880000000002,-0.00011410400000000137,0.012006505999999991
74.9291195664507,1.323836476335055,18.106934041785873,27.926666789851524,2017-12-29,-0.002509222,0.0016789800000000053,-1.0,0.047619047619047616,1,-0.002509222,-0.0026233260000000013,0.009497283999999991
74.26618828584968,-2.851563487595365,6.615864128526298,27.62210023093513,2018-02-28,0.001227238,0.005779378000000006,-1.0,-0.047619047619047616,0,0.0,-0.0026233260000000013,0.010724521999999992
74.20768217938914,-4.752656527491542,7.681017681855782,27.39894412891795,2018-03-01,-0.004844069,0.007827535000000005,-1.0,-0.14285714285714285,0,-0.0,-0.0026233260000000013,0.005880452999999991
74.16824313459679,-4.803452604067156,7.8619142292390665,27.21597654431005,2018-03-02,-0.0009920289999999995,0.004918314000000006,-1.0,-0.23809523809523808,0,-0.0,-0.0026233260000000013,0.004888423999999992
73.9921216841542,-6.1943534365674005,7.346627844941662,26.70498756668573,2018-03-05,0.00126148,-0.0009856249999999948,-1.0,-0.3333333333333333,0,0.0,-0.0026233260000000013,0.006149903999999992
73.90731495955791,-6.0615859381069255,7.22198607186013,26.55033961970241,2018-03-06,0.006601401000000001,-0.0008527589999999946,-1.0,-0.42857142857142855,0,0.0,-0.0026233260000000013,0.012751304999999992
73.80103489362456,-6.640110282727162,7.646085268059673,26.40481161560234,2018-03-07,-0.0008550660000000004,-0.008050170999999995,-1.0,-0.5238095238095238,0,-0.0,-0.0026233260000000013,0.011896238999999992
73.7325647970012,-6.920438296501459,7.7219755283917495,26.459072772589714,2018-03-08,0.004395045,-0.005391373999999994,-1.0,-0.6190476190476191,0,0.0,-0.0026233260000000013,0.016291283999999993
73.66671840152333,-10.651043590752334,8.516005592493638,26.536876748121212,2018-03-09,6.850799999999987e-05,-0.003833818999999994,-1.0,-0.7142857142857143,0,0.0,-0.0026233260000000013,0.01635979199999999
73.40942968163445,-10.033052932003354,8.34371084554559,26.71992032392177,2018-03-12,0.0007559459999999997,-0.007290303999999994,-1.0,-0.8095238095238095,0,0.0,-0.0026233260000000013,0.01711573799999999
73.29533567828555,-9.664328439968356,8.485532199790574,26.759700705537824,2018-03-13,0.003887691,-0.009013011999999996,-1.0,-0.9047619047619048,0,0.0,-0.0026233260000000013,0.02100342899999999
73.18578665737809,-9.555945002731317,7.649051405624797,26.827935100837212,2018-03-14,-0.001485104,-0.006685999999999994,-1.0,-1.0,0,-0.0,-0.0026233260000000013,0.01951832499999999
73.07550344055865,-9.625207909447862,7.841832742624637,26.90141767985682,2018-03-15,-0.002076054,-0.004692485999999993,-1.0,-1.0,0,-0.0,-0.0026233260000000013,0.01744227099999999
72.97571655410631,-11.062764077574696,8.94953044958471,27.00841220844737,2018-03-16,-0.000443723,-0.0023794829999999934,-1.0,-1.0,0,-0.0,-0.0026233260000000013,0.01699854799999999
72.59967439088211,-10.54490625645027,8.795837123752234,27.270614767414198,2018-03-19,-0.0027521959999999997,0.0010947970000000067,-1.0,-1.0,0,-0.0,-0.0026233260000000013,0.014246351999999988
72.43763128117831,-11.232804934207676,8.062808634568631,27.318273818925405,2018-03-20,-0.00371986,0.006711598000000008,-1.0,-1.0,0,-0.0,-0.0026233260000000013,0.010526491999999988
72.2733506808827,-11.031562451638598,8.162225181464152,27.355879461740642,2018-03-21,-0.004556943000000001,0.010631505000000008,-1.0,-1.0,0,-0.0,-0.0026233260000000013,0.005969548999999987
72.07699418139458,-14.44200463764782,5.917382593381365,27.303936353293352,2018-03-22,-0.0007871219999999997,0.009242829000000008,-1.0,-1.0,0,-0.0,-0.0026233260000000013,0.005182426999999988
71.89791843877168,-15.734752553523574,7.281975947225511,27.284895415246353,2018-03-23,0.0017292130000000005,0.003669290000000008,-1.0,-1.0,0,0.0,-0.0026233260000000013,0.006911639999999988
71.32711593511648,-14.738664432256035,7.545698087689843,27.21251793267621,2018-03-26,0.006096209,0.003619829000000009,-1.0,-1.0,0,0.0,-0.0026233260000000013,0.013007848999999988
71.13587099291856,-14.617461641094177,7.280945885815225,27.168970719380354,2018-03-27,-0.0031658370000000003,-0.0011444779999999917,-1.0,-1.0,0,-0.0,-0.0026233260000000013,0.009842011999999987
70.94648061669687,-14.909290045916894,7.615005380674568,27.12791269382248,2018-03-28,0.00250736,-0.0006502699999999916,-1.0,-1.0,0,0.0,-0.0026233260000000013,0.012349371999999987
70.75945674384279,-14.862093683943039,7.512302091205928,27.085207568303503,2018-03-29,5.413000000000002e-05,0.0004584070000000079,-1.0,-1.0,0,0.0,-0.0026233260000000013,0.012403501999999986
70.56582044290862,-14.61173266794711,7.45892658104641,27.03852128726595,2018-03-30,-0.0007436709999999997,-0.004779257999999991,-1.0,-1.0,0,-0.0,-0.0026233260000000013,0.011659830999999987
69.97629876161261,-13.536898934394545,6.114965392490916,26.769662695001216,2018-04-02,0.0010561279999999997,-0.005932152999999991,-1.0,-1.0,0,0.0,-0.0026233260000000013,0.012715958999999987
69.79581169418847,-13.629336925960288,5.73177523563249,26.651546963720733,2018-04-03,-0.001647741,-0.004351686999999991,-1.0,-1.0,0,-0.0,-0.0026233260000000013,0.011068217999999987
69.64021357794229,-14.202822604467721,5.045270863761112,26.502053126902556,2018-04-04,0.0006974619999999999,-0.005391266999999991,-1.0,-1.0,0,0.0,-0.0026233260000000013,0.011765679999999987
69.4441426997343,-14.662419015294535,3.7079263863347687,26.279257167117773,2018-04-05,-0.0007222000000000001,-0.005221695999999993,-1.0,-1.0,0,-0.0,-0.0026233260000000013,0.011043479999999987
69.2206918024547,-13.70475006184926,1.857318918418928,25.98462216976907,2018-04-06,-0.002802367,-0.012367160999999991,-1.0,-1.0,0,-0.0,-0.0026233260000000013,0.008241112999999987
68.50626452797685,-14.01227312181656,1.0109942554235118,25.134137982925445,2018-04-09,0.002727305,-0.015297208999999992,1.0,-1.0,0,0.0,-0.0026233260000000013,0.010968417999999987
68.25248510938158,-13.721000354492952,0.2797802395579119,24.824149739913736,2018-04-10,0.0023135010000000004,-0.010815505999999992,1.0,-1.0,0,0.0,-0.0026233260000000013,0.013281918999999988
68.00566757065758,-13.463024323481722,0.5244698037098718,24.511621903381386,2018-04-11,0.000431206,-0.006191524999999991,1.0,-0.9047619047619048,0,0.0,-0.0026233260000000013,0.013713124999999987
67.75413341554011,-12.901897443992437,-0.04308489592258269,24.171322971818935,2018-04-12,-0.0032078120000000013,-0.007110736999999991,1.0,-0.8095238095238095,0,-0.0,-0.0026233260000000013,0.010505312999999987
67.47939536304511,-12.09376638552216,-0.4143640979506831,23.732242055276398,2018-04-13,0.000250958,-0.014606630999999991,1.0,-0.7142857142857143,0,0.0,-0.0026233260000000013,0.010756270999999987
66.64286246548605,-11.177887227011905,-0.4772866696218046,22.4989227309824,2018-04-16,0.0015497910000000007,-0.01641331299999999,1.0,-0.6190476190476191,0,0.0,-0.0026233260000000013,0.012306061999999987
66.35792205118639,-13.409895396483519,0.2531556341184551,22.11970334176283,2018-04-17,-0.00043919299999999983,-0.01751225599999999,1.0,-0.5238095238095238,0,-0.0,-0.0026233260000000013,0.011866868999999988
66.03803468600779,-13.213371124847148,-0.7941862064246621,21.71539034441119,2018-04-18,-0.00024558,-0.02034435799999999,-1.0,-0.42857142857142855,0,-0.0,-0.0026233260000000013,0.011621288999999988
65.71907767522985,-13.052510447757607,-0.7784855315559387,21.321431498518532,2018-04-19,0.0010598580000000003,-0.02210725399999999,-1.0,-0.3333333333333333,0,0.0,-0.0026233260000000013,0.012681146999999988
65.40126613529574,-12.864889241698913,-0.9808086993570536,20.932246567525173,2018-04-20,0.0031327850000000003,-0.022450323999999987,-1.0,-0.3333333333333333,0,0.0,-0.0026233260000000013,0.01581393199999999
64.44738577584317,-11.784243604213707,0.7228076833961836,19.918082685909525,2018-04-23,0.00034053699999999986,-0.024621493999999987,1.0,-0.3333333333333333,0,0.0,-0.0026233260000000013,0.016154468999999987
64.08711738829317,-14.011694917311326,1.6971040132892217,19.679608073566673,2018-04-24,0.0005226700000000001,-0.019993491999999988,1.0,-0.3333333333333333,0,0.0,-0.0026233260000000013,0.016677138999999987
63.73325854120714,-13.809280437554051,1.6753482991679383,19.448910078666014,2018-04-25,-0.0032152979999999997,-0.021703484999999988,1.0,-0.23809523809523808,0,-0.0,-0.0026233260000000013,0.013461840999999987
63.37835360918714,-13.432879478170472,1.4214973318421738,19.219364769055343,2018-04-26,-0.0022569470000000005,-0.025161481999999985,-1.0,-0.14285714285714285,0,-0.0,-0.0026233260000000013,0.011204893999999986
63.02797057263688,-14.986286592384387,2.2849891643358564,19.02383714086247,2018-04-27,0.0005483380000000001,-0.032133227999999986,-1.0,-0.047619047619047616,0,0.0,-0.0026233260000000013,0.011753231999999987
61.97354347961877,-14.246346867149933,2.2831361752580057,18.413002625637606,2018-04-30,0.00036500599999999986,-0.01764382699999999,-1.0,-0.047619047619047616,0,0.0,-0.0026233260000000013,0.012118237999999986
61.587674117085704,-13.173528003140287,1.7444969193242752,18.141727927536408,2018-05-01,-0.004181536999999999,-0.01281871799999999,-1.0,-0.047619047619047616,0,-0.0,-0.0026233260000000013,0.007936700999999987
61.18002872096856,-13.305773572147436,1.980083835736444,17.898954459759718,2018-05-02,-0.002800636,-0.01790940699999999,-1.0,-0.047619047619047616,0,-0.0,-0.0026233260000000013,0.0051360649999999865
60.7659656053537,-14.834475037066955,0.7776367118357328,17.598720230646702,2018-05-03,0.002277928,-0.012653674999999991,-1.0,-0.047619047619047616,0,0.0,-0.0026233260000000013,0.007413992999999987
60.33493860955432,-15.618811309109066,-0.6667266421617217,17.258199085353567,2018-05-04,-0.00176178,-0.009538128999999989,-1.0,-0.047619047619047616,0,-0.0,-0.0026233260000000013,0.005652212999999987
59.0862031485705,-15.60022881529926,-0.9838475629271032,16.287867053558386,2018-05-07,-0.002632796000000001,-0.00370366599999999,-1.0,-0.047619047619047616,0,-0.0,-0.0026233260000000013,0.0030194169999999856
58.68632314789625,-15.356796617989206,-1.175551890397804,15.991261928156831,2018-05-08,-0.004418159999999999,-0.00315181199999999,-1.0,-0.047619047619047616,0,-0.0,-0.0026233260000000013,-0.0013987430000000135
58.29000773179205,-15.591873093115947,-1.454251258118607,15.688547158853225,2018-05-09,-0.0006165470000000004,-0.005548497999999991,-1.0,-0.047619047619047616,0,-0.0,-0.0026233260000000013,-0.0020152900000000138
57.89281916136997,-13.839478305203679,-1.9842819307112247,15.36840877496991,2018-05-10,0.004912909000000001,-0.006877502999999991,-1.0,-0.14285714285714285,0,0.0,-0.0026233260000000013,0.002897618999999987
57.56413915986314,-13.827716845198825,-1.9664724224973216,15.067086485279505,2018-05-11,0.0014161690000000005,-0.005644280999999991,-1.0,-0.23809523809523808,0,0.0,-0.0026233260000000013,0.004313787999999988
56.60238516513712,-13.292337913762696,-1.7435804738341112,14.233665758463786,2018-05-14,-0.0006682539999999997,-0.00234961499999999,-1.0,-0.3333333333333333,0,-0.0,-0.0026233260000000013,0.003645533999999988
56.2549438815475,-13.744690146961851,-2.0531266950236287,13.943804954741724,2018-05-15,-0.005946103,0.007468416000000011,-1.0,-0.42857142857142855,0,-0.0,-0.0026233260000000013,-0.0023005690000000123
55.9080375196495,-12.650321383982684,-3.0974078547024586,13.607482470128984,2018-05-16,-0.0022458749999999987,0.008399124000000011,-1.0,-0.5238095238095238,0,-0.0,-0.0026233260000000013,-0.004546444000000011
55.57693517492442,-12.836551142507274,-2.794033076704588,13.306426435238992,2018-05-17,-0.0013445230000000002,0.00858696900000001,1.0,-0.6190476190476191,0,-0.0,-0.0026233260000000013,-0.005890967000000011
55.257442246818286,-12.675797084029794,-2.98774474902884,13.01040931578416,2018-05-18,-0.0017722439999999996,0.010588350000000009,1.0,-0.7142857142857143,0,-0.0,-0.0026233260000000013,-0.00766321100000001
54.31690768805561,-12.240203389245936,-3.027411676519252,12.187297018270812,2018-05-21,0.0013698890000000007,0.010819324000000009,1.0,-0.6190476190476191,0,0.0,-0.0026233260000000013,-0.006293322000000009
54.0093797355065,-12.091774365465335,-2.964806318900333,11.932313150439965,2018-05-22,-2.5329999999999853e-06,0.01471691900000001,1.0,-0.5238095238095238,0,-0.0,-0.0026233260000000013,-0.006295855000000009
53.655352391065776,-15.345943065851793,-5.556016693790729,11.588277597072251,2018-05-23,-0.0016485,0.01556272500000001,-1.0,-0.42857142857142855,0,-0.0,-0.0026233260000000013,-0.007944355000000009
53.304519533221814,-14.754584310489856,-5.55988225681269,11.253931340851665,2018-05-24,0.0014127039999999999,0.02205513300000001,-1.0,-0.42857142857142855,0,0.0,-0.0026233260000000013,-0.006531651000000009
52.91052940046607,-15.214360942071345,-4.837742236220587,10.956717093707056,2018-05-25,-0.00396694,0.027948421000000008,1.0,-0.5238095238095238,0,-0.0,-0.0026233260000000013,-0.010498591000000008
51.77423909980664,-14.616261017075749,-4.504217495059258,10.137519150346947,2018-05-28,-0.002909658999999999,0.03359418200000001,1.0,-0.6190476190476191,0,-0.0,-0.0026233260000000013,-0.013408250000000007
51.42215075155818,-14.952566695259485,-4.45350509728404,9.882403967187626,2018-05-29,-0.006606739999999999,0.023731373000000007,-1.0,-0.5238095238095238,0,-0.0,-0.0026233260000000013,-0.020014990000000007
51.05817098518572,-14.878985886705165,-5.280700305920538,9.602024336048713,2018-05-30,0.010307864,0.018941303000000007,1.0,-0.42857142857142855,0,0.0,-0.0026233260000000013,-0.009707126000000007
50.749767362537916,-15.016779273879633,-4.148804588343973,9.428217353358207,2018-05-31,0.0020244730000000006,0.024104015500000006,1.0,-0.42857142857142855,0,0.0,-0.0026233260000000013,-0.007682653000000006
50.42822043932551,-16.00592627401751,-3.479595808364216,9.288342774927061,2018-06-01,-0.0028127610000000013,0.020791697500000005,1.0,-0.3333333333333333,0,-0.0,-0.0026233260000000013,-0.010495414000000008
49.47804275275946,-15.771207440811848,-3.9223094716656206,8.857518370156129,2018-06-04,0.003493952,0.020369341500000002,1.0,-0.23809523809523808,0,0.0,-0.0026233260000000013,-0.007001462000000009
49.1483604734585,-16.630898296515525,-3.6940032423987614,8.713417348148596,2018-06-05,0.0004827500000000001,0.0195399625,1.0,-0.14285714285714285,0,0.0,-0.0026233260000000013,-0.006518712000000008
48.829490501702615,-16.655435732666547,-3.3172329982936883,8.576803384498504,2018-06-06,0.0014163029999999998,0.0237369685,1.0,-0.047619047619047616,0,0.0,-0.0026233260000000013,-0.005102409000000008
48.5104290614393,-17.957301431071187,-4.222377952650874,8.409581854810824,2018-06-07,-6.469300000000007e-05,0.021097624500000002,1.0,0.047619047619047616,1,-6.469300000000007e-05,-0.0026880190000000016,-0.0051671020000000085
48.17394259718978,-18.753983310222058,-5.822414631252696,8.197211882843362,2018-06-08,0.0025162229999999997,0.019764068500000002,1.0,0.14285714285714285,1,0.0025162229999999997,-0.00017179600000000184,-0.0026508790000000088
47.22287800453898,-18.298056293107955,-5.978061026432041,7.594044830869336,2018-06-11,8.716400000000005e-05,0.017991659500000003,1.0,0.23809523809523808,1,8.716400000000005e-05,-8.463200000000179e-05,-0.0025637150000000085
46.92485013375892,-19.24784885265924,-5.568348097834921,7.393184101835287,2018-06-12,0.0005649680000000003,0.021277784500000004,1.0,0.3333333333333333,1,0.0005649680000000003,0.0004803359999999985,-0.001998747000000008
46.5973017673799,-19.255879312644502,-5.717096078099103,7.195216588159583,2018-06-13,-0.002651437,0.0128525455,1.0,0.42857142857142855,1,-0.002651437,-0.0021711010000000017,-0.004650184000000009
46.263555970823994,-20.499501793750927,-4.252367624162142,6.960670578742565,2018-06-14,0.007572156000000002,0.0113612435,1.0,0.5238095238095238,1,0.007572156000000002,0.005401055,0.002921971999999993
45.95751450895929,-20.027436977345022,-4.447536340840943,6.71967923906567,2018-06-15,-0.00041381499999999983,0.0170099765,1.0,0.6190476190476191,1,-0.00041381499999999983,0.00498724,0.0025081569999999935
45.112663907096405,-18.83761752507137,-4.301200550956189,6.132128357988363,2018-06-18,-0.001584399,0.0152983745,1.0,0.7142857142857143,1,-0.001584399,0.003402841,0.0009237579999999935
44.85231931307976,-18.527559962441114,-4.25676208675641,5.973108113617144,2018-06-19,0.0033712699999999987,0.015424131499999999,1.0,0.7142857142857143,1,0.0033712699999999987,0.006774110999999999,0.004295027999999992
44.59738337585246,-18.284500369747267,-4.145077128926418,5.826108170275745,2018-06-20,0.000228441,0.010096696499999997,1.0,0.7142857142857143,1,0.000228441,0.0070025519999999996,0.004523468999999993
44.34767807356153,-17.72907879118888,-4.26925538897846,5.676975570681408,2018-06-21,0.0022490950000000004,0.008171095499999996,1.0,0.7142857142857143,1,0.0022490950000000004,0.009251647,0.006772563999999993
44.06724354157862,-13.148836578220852,-3.619298357316433,5.5551870498621545,2018-06-22,0.00225851,0.006078365499999997,1.0,0.7142857142857143,1,0.00225851,0.011510157,0.009031073999999993
43.209673670397464,-12.89932696847361,-3.317057151539821,5.23469592336599,2018-06-25,0.002525468,-0.0003257555000000037,1.0,0.8095238095238095,1,0.002525468,0.014035625,0.011556541999999993
42.915178511298976,-12.795554698944581,-3.2373871134149836,5.169057105622073,2018-06-26,0.002983629,0.007478676499999998,1.0,0.9047619047619048,1,0.002983629,0.017019253999999998,0.014540170999999992
42.620674478165604,-11.673952653158992,-3.2500582471936568,5.1031891570659695,2018-06-27,-0.000960979,0.007075080499999998,1.0,0.9047619047619048,1,-0.000960979,0.016058274999999997,0.013579191999999992
42.31281316217931,-10.615604204886887,-3.740386961719432,5.019956624334469,2018-06-28,0.000445055,0.008826139499999998,1.0,0.9047619047619048,1,0.000445055,0.016503329999999997,0.014024246999999991
42.01742937889559,-10.177862455823831,-2.8295824174986475,4.964758144487433,2018-06-29,-0.0027655970000000003,0.007838226999999998,-1.0,1.0,1,-0.0027655970000000003,0.013737732999999997,0.011258649999999992
41.121449510924506,-11.250703980156343,-0.95149672270429,4.8656902983098576,2018-07-02,0.0023499515000000005,0.009966898999999998,-1.0,1.0,1,0.0023499515000000005,0.016087684499999998,0.013608601499999992
40.80699755257774,-11.814421303731365,-0.6650904426330104,4.89886087996635,2018-07-03,0.000181634,0.012520321999999997,-1.0,0.9047619047619048,1,0.000181634,0.016269318499999998,0.013790235499999992
40.4603598697184,-11.593661951430464,-0.5086456411029712,4.945585540516419,2018-07-04,6.039399999999992e-05,0.010361006999999997,-1.0,0.8095238095238095,1,6.039399999999992e-05,0.016329712499999996,0.013850629499999993
40.142885898626155,-11.013295594060306,-0.11592718812898185,5.006459541007331,2018-07-05,0.0005869240000000003,0.005094929999999996,-1.0,0.7142857142857143,1,0.0005869240000000003,0.016916636499999995,0.014437553499999993
39.85138935696514,-9.851725515211081,1.054473750004142,5.108052396186594,2018-07-06,0.004132313,0.006418337999999996,-1.0,0.6190476190476191,1,0.004132313,0.021048949499999997,0.018569866499999994
39.00349025039456,-9.112797063816194,2.239133756838912,5.421156393020596,2018-07-09,-0.00012312099999999958,0.006362820999999996,-1.0,0.5238095238095238,1,-0.00012312099999999958,0.020925828499999997,0.018446745499999993
38.69968288200639,-10.3569820625713,1.7388770902184358,5.525703224464053,2018-07-10,-0.0012463920000000002,0.014968587999999998,-1.0,0.42857142857142855,1,-0.0012463920000000002,0.019679436499999998,0.017200353499999994
38.4038543089629,-10.261192242649301,1.9500356860647443,5.636158726540742,2018-07-11,-0.001207441,0.020930975999999994,-1.0,0.3333333333333333,1,-0.001207441,0.018471995499999998,0.015992912499999994
38.12378072266922,-10.51075706217979,2.199933414513996,5.726453428313391,2018-07-12,0.000634688,0.021871903999999994,-1.0,0.23809523809523808,1,0.000634688,0.0191066835,0.016627600499999996
37.842385013476076,-10.313560000526095,2.085858708638792,5.816909530778504,2018-07-13,-0.0008530830000000008,0.019468702999999993,-1.0,0.14285714285714285,1,-0.0008530830000000008,0.018253600499999998,0.015774517499999995
36.97979055816909,-10.498549905898043,2.308646368387695,6.047423235051498,2018-07-16,-0.001905117,0.015611794999999996,-1.0,0.047619047619047616,1,-0.001905117,0.016348483499999997,0.013869400499999995
36.6898664234096,-9.954169037578296,2.019600950798363,6.107211321949477,2018-07-17,0.004064333999999999,0.016502541999999995,-1.0,-0.047619047619047616,0,0.0,0.016348483499999997,0.017933734499999993
36.38970188889597,-8.235608958503605,-0.7153445691767573,6.073389600493242,2018-07-18,0.0016596680000000006,0.020305567999999996,-1.0,-0.14285714285714285,0,0.0,0.016348483499999997,0.019593402499999992
36.09598413583306,-8.7582917333489,-0.32551692589059833,6.0534928144474245,2018-07-19,0.000354198,0.020113091999999996,-1.0,-0.23809523809523808,0,0.0,0.016348483499999997,0.019947600499999992
35.81332018909472,-8.687863997861037,0.1811409538529265,6.055145811616143,2018-07-20,-0.00307834,0.014070467999999994,-1.0,-0.3333333333333333,0,-0.0,0.016348483499999997,0.016869260499999993
34.999978623646,-8.600730821900349,0.2953745195346684,6.036017223661248,2018-07-23,0.00033290899999999967,0.012706047999999994,-1.0,-0.42857142857142855,0,0.0,0.016348483499999997,0.017202169499999993
34.71222004840047,-8.972035498063114,0.4608113258538733,6.0237300756421925,2018-07-24,0.0004327379999999998,0.019622029999999995,-1.0,-0.5238095238095238,0,0.0,0.016348483499999997,0.01763490749999999
34.380294809740434,-7.9831438635269825,-0.025540527534724692,5.9945243852281465,2018-07-25,-0.0034204920000000002,0.012416056299999992,-1.0,-0.6190476190476191,0,-0.0,0.016348483499999997,0.01421441549999999
34.06345729014255,-7.680957248781855,0.2497246001180109,5.9663841332740315,2018-07-26,0.006843453000000002,0.01244656029999999,-1.0,-0.7142857142857143,0,0.0,0.016348483499999997,0.021057868499999993
33.780111531821376,-7.969820849594711,-0.3633183435129617,5.914972052816381,2018-07-27,4.145899999999993e-05,0.012549503299999992,1.0,-0.8095238095238095,0,0.0,0.016348483499999997,0.021099327499999994
32.95968275248077,-7.968243632767067,-0.4366738610774856,5.762403986416729,2018-07-30,-0.001014538,0.01140008229999999,1.0,-0.9047619047619048,0,-0.0,0.016348483499999997,0.020084789499999995
32.711576691728936,-8.24881715340019,-0.8990643297532426,5.684527081303428,2018-07-31,0.0013620390000000002,0.006271581299999989,1.0,-0.9047619047619048,0,0.0,0.016348483499999997,0.021446828499999994
32.42133786897374,-8.324035710506582,-1.244528246692937,5.565778357623144,2018-08-01,0.0023103060000000003,0.00874016829999999,1.0,-0.8095238095238095,0,0.0,0.016348483499999997,0.023757134499999995
32.14521560788084,-8.315633443941733,-0.8884531360790788,5.4355523794355065,2018-08-02,0.0026138169999999987,0.00935679229999999,1.0,-0.7142857142857143,0,0.0,0.016348483499999997,0.026370951499999993
31.84383711174154,-6.652729621667649,-3.8170708498848067,5.234292801747671,2018-08-03,-0.0015723909999999998,0.013855833299999992,1.0,-0.6190476190476191,0,-0.0,0.016348483499999997,0.024798560499999994
30.975474141048345,-7.685837356252589,-4.318195090673027,4.664926859306206,2018-08-06,-0.0011337640000000006,0.014116933299999992,1.0,-0.5238095238095238,0,-0.0,0.016348483499999997,0.023664796499999995
30.68481994485285,-7.785163044395023,-4.261602192955029,4.476465475814166,2018-08-07,0.001200287,0.015890262299999992,1.0,-0.42857142857142855,0,0.0,0.016348483499999997,0.024865083499999996
30.400670565580374,-7.719428650503078,-4.458272543196996,4.296593222403715,2018-08-08,-0.0013019090000000002,0.011263061299999991,1.0,-0.3333333333333333,0,-0.0,0.016348483499999997,0.023563174499999995
30.121061601495786,-7.876844551597908,-4.718153302434013,4.108627611505597,2018-08-09,0.007398326000000002,0.006666320299999993,1.0,-0.23809523809523808,0,0.0,0.016348483499999997,0.030961500499999996
29.873460282034518,-7.700535352610299,-3.9249210702809982,3.9480466335377855,2018-08-10,0.006597075999999998,0.006536002299999993,1.0,-0.14285714285714285,0,0.0,0.016348483499999997,0.037558576499999996
29.163851070829917,-7.471406679190153,-3.7362256503823694,3.507768232886008,2018-08-13,8.7845e-05,0.008554259299999993,1.0,-0.047619047619047616,0,0.0,0.016348483499999997,0.0376464215
28.870575636871273,-5.8520392993113886,-2.44839759518905,3.3788149338309665,2018-08-14,-0.004308318000000001,0.0035516942999999934,1.0,0.047619047619047616,1,-0.004308318000000001,0.012040165499999995,0.0333381035
28.59906356106504,-6.767796359880018,-1.7212388779437546,3.2745904676177697,2018-08-15,0.00020742599999999924,0.00012676829999999422,1.0,0.14285714285714285,1,0.00020742599999999924,0.012247591499999993,0.0335455295
28.305449021635102,-5.163948393849051,-3.383529900467422,3.104542680458252,2018-08-16,0.002550414999999999,-0.006931082700000006,1.0,0.23809523809523808,1,0.002550414999999999,0.014798006499999992,0.0360959445
28.02836749251809,-4.497547296426372,-3.3035318897399453,2.9331382496565372,2018-08-17,0.004157224,-0.002628699700000005,1.0,0.3333333333333333,1,0.004157224,0.018955230499999993,0.0402531685
27.25309526099759,-4.469778086632427,-3.1342959496532146,2.4672347789633307,2018-08-20,-0.0032708159999999997,0.002989617299999997,1.0,0.42857142857142855,1,-0.0032708159999999997,0.015684414499999993,0.036982352499999996
27.016363634500713,-4.458748535690832,-3.1458663422724733,2.3251061063042187,2018-08-21,-0.005709715000000002,-0.004350654700000003,1.0,0.5238095238095238,1,-0.005709715000000002,0.009974699499999991,0.03127263749999999
26.781988726335086,-4.446916461133889,-3.0344503891834838,2.190442326308613,2018-08-22,-0.000931682,-0.008079073700000003,1.0,0.6190476190476191,1,-0.000931682,0.009043017499999991,0.030340955499999992
26.527426043038396,-3.3180965507053184,-3.0992311266108885,2.0702051846397183,2018-08-23,0.00349549,-0.0075995190000000025,-1.0,0.7142857142857143,1,0.00349549,0.012538507499999992,0.03383644549999999
26.299804243002402,-3.610243969371509,-2.8093161614203184,1.9550757631282067,2018-08-24,-0.0003625207,-0.008401086000000002,-1.0,0.8095238095238095,1,-0.0003625207,0.012175986799999991,0.03347392479999999
25.61628154466046,-1.9573911374135908,-1.898674504070522,1.6789358222671351,2018-08-27,7.196300000000003e-05,-0.005756790000000001,-1.0,0.8095238095238095,1,7.196300000000003e-05,0.012247949799999991,0.03354588779999999
25.37688314574117,-2.7481714571762788,-1.8418405170519967,1.6219058274971303,2018-08-28,-0.0009115950000000002,0.0002828739999999987,-1.0,0.8095238095238095,1,-0.0009115950000000002,0.011336354799999991,0.03263429279999999
25.167820173884373,-3.5140673324299514,-1.4490468032054125,1.580731073071462,2018-08-29,0.000212618,0.002107309999999999,-1.0,0.7142857142857143,1,0.000212618,0.011548972799999991,0.03284691079999999
24.948572351289524,-3.6951713432792377,-1.8157733269473104,1.5183104835838892,2018-08-30,-0.0028181950000000003,-0.0054199520000000004,-1.0,0.6190476190476191,1,-0.0028181950000000003,0.00873077779999999,0.03002871579999999
24.75359377805079,-4.319864864267537,-2.038907396318102,1.4918271884008618,2018-08-31,0.005082404,-0.006732404,-1.0,0.5238095238095238,1,0.005082404,0.01381318179999999,0.03511111979999999
24.139753125415982,-4.516494123195708,-1.9502663695324982,1.3903603551137849,2018-09-03,-0.0009557670000000002,-0.015464738,1.0,0.42857142857142855,1,-0.0009557670000000002,0.012857414799999991,0.03415535279999999
23.91195936594223,-7.29258043907793,-0.07934994385673733,1.4140069744036623,2018-09-04,0.003365277000000001,-0.014358075999999999,1.0,0.3333333333333333,1,0.003365277000000001,0.01622269179999999,0.03752062979999999
23.67734659159992,-7.4035119060170995,-0.04403292693279326,1.4533427718428982,2018-09-05,0.0014613870000000002,-0.014085917,1.0,0.3333333333333333,1,0.0014613870000000002,0.017684078799999992,0.03898201679999999
23.447648720053035,-8.642695751976284,-0.2333204194347278,1.4789879227044764,2018-09-06,0.0004714199999999998,-0.019336508999999998,1.0,0.3333333333333333,1,0.0004714199999999998,0.018155498799999992,0.03945343679999999
23.20358591670908,-9.536393415822708,-0.9515483979221476,1.4759096739690565,2018-09-07,0.002771125,-0.021400495,1.0,0.3333333333333333,1,0.002771125,0.02092662379999999,0.04222456179999999
22.50622005123969,-9.347916096964164,-0.8272294989290909,1.4698153796340137,2018-09-10,0.002000335,-0.019354124,1.0,0.3333333333333333,1,0.002000335,0.02292695879999999,0.04422489679999999
22.278537727073658,-9.786326563609864,-0.8902277207129412,1.4598389751970444,2018-09-11,-4.247299999999996e-05,-0.016829576000000002,1.0,0.3333333333333333,1,-4.247299999999996e-05,0.02288448579999999,0.04418242379999999
22.045967097132603,-10.659883456046856,-1.5641237446388452,1.4164012904780066,2018-09-12,-0.002290061,-0.010484017000000002,1.0,0.3333333333333333,1,-0.002290061,0.02059442479999999,0.041892362799999985
21.812780107523675,-9.118803315627481,-2.0747744470440512,1.3360633410681828,2018-09-13,-0.004795139,-0.010405505000000002,1.0,0.3333333333333333,1,-0.004795139,0.01579928579999999,0.03709722379999998
21.53355334386629,-9.244250940019956,-1.9779980466385856,1.2384979379256436,2018-09-14,-0.0008745110000000001,-0.006999845000000003,1.0,0.3333333333333333,1,-0.0008745110000000001,0.01492477479999999,0.03622271279999998
20.742779366314203,-8.58110917979089,-2.1294513226439844,0.9835055675730188,2018-09-17,-0.002900627,-0.005742623000000002,1.0,0.3333333333333333,1,-0.002900627,0.01202414779999999,0.03332208579999998
20.491269661890467,-8.672720618158468,-1.9808040180577409,0.9157749583531256,2018-09-18,0.0010315670000000002,-0.007383807000000002,1.0,0.3333333333333333,1,0.0010315670000000002,0.013055714799999991,0.034353652799999974
20.236354965869765,-8.180490178276884,-1.480166257751689,0.8731726159178379,2018-09-19,-9.139800000000016e-05,-0.0014266750000000022,1.0,0.3333333333333333,1,-9.139800000000016e-05,0.012964316799999992,0.034262254799999975
19.99727690887229,-8.581998826516408,-0.9290933706119252,0.8518595694404212,2018-09-20,-0.008271954,-0.0005039920000000024,1.0,0.3333333333333333,1,-0.008271954,0.004692362799999992,0.025990300799999977
19.71794208195071,-10.035141746596238,-1.2483954587278523,0.8184382748661392,2018-09-21,-0.0002329289999999999,-0.0005654610000000023,1.0,0.3333333333333333,1,-0.0002329289999999999,0.004459433799999992,0.025757371799999977
18.909269224706804,-9.216748254685493,-1.0029257416308042,0.7383551685956888,2018-09-24,0.00011703400000000005,-0.004062203000000003,1.0,0.3333333333333333,1,0.00011703400000000005,0.004576467799999992,0.025874405799999976
18.647370269497095,-9.382723149625603,-0.7931789817888449,0.7322166108457395,2018-09-25,-0.0007296039999999999,-0.002999532000000003,1.0,0.42857142857142855,1,-0.0007296039999999999,0.0038468637999999923,0.025144801799999977
18.388083956207566,-9.250659919932163,-0.8918964582006783,0.7218293319570819,2018-09-26,0.001732701,-0.011766114000000003,-1.0,0.5238095238095238,1,0.001732701,0.005579564799999992,0.026877502799999977
18.152595715325113,-8.58840612758927,-1.0236263700080706,0.7176976011195961,2018-09-27,0.006252282,-0.008580553000000003,-1.0,0.6190476190476191,1,0.006252282,0.011831846799999992,0.03312978479999998
17.93317814190548,-9.410770190944929,-2.115415721274285,0.6800439215025733,2018-09-28,-0.000993759,-0.0037583740000000036,-1.0,0.6190476190476191,1,-0.000993759,0.010838087799999991,0.03213602579999998
17.17742089309874,-8.100856934493672,-2.784063183128435,0.4595697347666885,2018-10-01,-0.002444858,0.0007002349999999961,-1.0,0.6190476190476191,1,-0.002444858,0.008393229799999992,0.02969116779999998
16.8913894201455,-7.977828383065911,-2.7520820590074155,0.3786610165687421,2018-10-02,-0.002268219,0.0006338629999999958,-1.0,0.6190476190476191,1,-0.002268219,0.006125010799999992,0.02742294879999998
16.613682401133794,-12.283216618810613,-0.5748253410856101,0.38726885579197295,2018-10-03,-0.005367056999999999,-0.0011564320000000052,-1.0,0.6190476190476191,1,-0.005367056999999999,0.0007579537999999929,0.02205589179999998
16.368067930067912,-12.599707383779785,-0.21295427501627628,0.4029417881652648,2018-10-04,0.002568049000000001,-0.002440929000000005,-1.0,0.5238095238095238,1,0.002568049000000001,0.003326002799999994,0.02462394079999998
16.132164514247535,-10.628407089491716,-0.2394849353226043,0.3991591351692705,2018-10-05,0.0007435789999999996,-0.000592153000000005,-1.0,0.42857142857142855,1,0.0007435789999999996,0.004069581799999993,0.02536751979999998
15.457700753490355,-10.618517351924408,-0.4889686957271362,0.38115287118981195,2018-10-08,-0.002479467,0.00047825299999999533,-1.0,0.3333333333333333,1,-0.002479467,0.0015901147999999934,0.022888052799999982
15.234255798987968,-10.513154183726837,-0.7118523070448219,0.3626720494329447,2018-10-09,-6.365100000000022e-05,-0.0035709390000000034,-1.0,0.23809523809523808,1,-6.365100000000022e-05,0.0015264637999999932,0.02282440179999998
15.018514379690592,-10.213562990626373,-0.09497012298434447,0.3682904683277286,2018-10-10,0.0020038979999999987,-0.004676970000000003,-1.0,0.14285714285714285,1,0.0020038979999999987,0.0035303617999999917,0.02482829979999998
14.805616947988035,-8.266205747349016,-1.3360655076713464,0.3500846330477429,2018-10-11,0.0002344870000000001,-0.0037280620000000016,-1.0,0.047619047619047616,1,0.0002344870000000001,0.003764848799999992,0.02506278679999998
14.597926908965945,-7.349803175021566,-1.240922501377801,0.39188994584668535,2018-10-12,0.0015504199999999994,0.0025802379999999986,-1.0,-0.047619047619047616,0,0.0,0.003764848799999992,0.02661320679999998
14.000096427182662,-5.556955190196391,-2.345454720006062,0.4532228816370321,2018-10-15,-0.0007959989999999995,0.0007564319999999979,-1.0,-0.14285714285714285,0,-0.0,0.003764848799999992,0.02581720779999998
13.814052791509814,-8.116181253464601,-2.3113883065903376,0.44619242548361626,2018-10-16,0.000505033,-0.0016838000000000035,-1.0,-0.23809523809523808,0,0.0,0.003764848799999992,0.02632224079999998
13.614496759955204,-7.514501454961962,-2.866599895200272,0.4156241834101877,2018-10-17,0.002288789000000001,0.007240180999999995,-1.0,-0.3333333333333333,0,0.0,0.003764848799999992,0.02861102979999998
13.391898028872356,-7.570792684549633,-3.8391997253846206,0.34749462227162553,2018-10-18,-0.0017325819999999994,0.012449024999999996,-1.0,-0.42857142857142855,0,-0.0,0.003764848799999992,0.02687844779999998
13.116297854133814,-7.498425659511467,-4.531320817191087,0.2302950363357752,2018-10-19,-0.0023148220000000002,0.016402679999999996,-1.0,-0.5238095238095238,0,-0.0,0.003764848799999992,0.024563625799999978
12.34857779768152,-7.261045857042098,-4.270706576347866,-0.09934166813195587,2018-10-22,0.0006897539999999999,0.015269106999999994,-1.0,-0.6190476190476191,0,0.0,0.003764848799999992,0.02525337979999998
12.111451436423769,-7.193704914534936,-4.245908791465624,-0.20181538322179904,2018-10-23,5.556500000000002e-05,0.020771550999999992,-1.0,-0.7142857142857143,0,0.0,0.003764848799999992,0.02530894479999998
11.80517592313771,-9.194714015124866,-6.828260969930284,-0.4009738507851637,2018-10-24,-0.004226346000000001,0.013749389999999995,-1.0,-0.8095238095238095,0,-0.0,0.003764848799999992,0.021082598799999977
11.466735861940606,-9.034430892826988,-6.987923202346363,-0.6237315499137139,2018-10-25,0.0027953719999999995,0.017317936999999995,-1.0,-0.9047619047619048,0,0.0,0.003764848799999992,0.023877970799999978
11.145440309103924,-9.056397679060158,-6.686170549964073,-0.8322587139476525,2018-10-26,-0.0025143,0.018051162999999995,-1.0,-1.0,0,-0.0,0.003764848799999992,0.021363670799999977
10.257043715939602,-8.661038368055403,-6.351654351959004,-1.39495494011922,2018-10-29,0.002191802,0.016365717,-1.0,-1.0,0,0.0,0.003764848799999992,0.023555472799999977
9.960369642101377,-11.435287328113274,-8.043119991590654,-1.614901812656143,2018-10-30,0.0023773209999999995,0.014183439999999999,-1.0,-1.0,0,0.0,0.003764848799999992,0.025932793799999975
9.644025504147358,-13.159838733897624,-7.929701445839679,-1.8753907172505249,2018-10-31,0.0021903899999999995,0.019566239,-1.0,-1.0,0,0.0,0.003764848799999992,0.028123183799999976
9.315248378972996,-11.848349360357432,-8.715673295949706,-2.142303942546846,2018-11-01,-0.005433428999999999,0.017211335,-1.0,-1.0,0,-0.0,0.003764848799999992,0.022689754799999975
8.95627591710025,-13.036789618621867,-7.617444885914964,-2.386242575921784,2018-11-02,0.0007777540000000001,0.017318887,-1.0,-1.0,0,0.0,0.003764848799999992,0.023467508799999974
7.9660574879707795,-13.521357807741758,-6.7320264342577145,-3.0269249305242742,2018-11-05,-0.000540918,0.018598758,-1.0,-1.0,0,-0.0,0.003764848799999992,0.022926590799999973
7.637198043090991,-11.702550087741322,-5.801350763739711,-3.1745085395085937,2018-11-06,-0.0006306910000000001,0.017631338,-1.0,-1.0,0,-0.0,0.003764848799999992,0.022295899799999973
7.320652706519247,-11.852984860109252,-5.7647002313626245,-3.3192031430471896,2018-11-07,0.001006755,0.018666533,-1.0,-1.0,0,0.0,0.003764848799999992,0.023302654799999975
7.0037764973765935,-11.990739929434035,-6.4779079638714965,-3.4637130315515208,2018-11-08,-0.002045294,0.016789997999999997,-1.0,-1.0,0,-0.0,0.003764848799999992,0.021257360799999975
6.714710685356111,-12.69657325482864,-6.765328902416026,-3.612129948295859,2018-11-09,-0.0008715439999999997,0.018712877999999995,-1.0,-1.0,0,-0.0,0.003764848799999992,0.020385816799999977
5.917395412204591,-12.061498652556304,-6.317896128243161,-4.00084846073392,2018-11-12,0.002499328000000001,0.008676089999999996,-1.0,-1.0,0,0.0,0.003764848799999992,0.02288514479999998
5.646844371795829,-11.552397034458778,-6.250439742081082,-4.1305764109176275,2018-11-13,0.005512301000000001,0.011267931999999996,-1.0,-1.0,0,0.0,0.003764848799999992,0.02839744579999998
5.297964417420523,-11.588909919159367,-6.680605758643803,-4.262892037215123,2018-11-14,-0.0013187730000000005,0.016147839999999997,-1.0,-1.0,0,-0.0,0.003764848799999992,0.02707867279999998
4.9717958755662375,-12.014375371919124,-6.161138730086237,-4.371149999002171,2018-11-15,-0.00015144300000000024,0.005918495999999999,-1.0,-1.0,0,-0.0,0.003764848799999992,0.02692722979999998
4.649144899822325,-12.121217768296766,-5.88205466997228,-4.494843106552736,2018-11-16,0.0071913989999999985,0.0010264819999999983,-1.0,-1.0,0,0.0,0.003764848799999992,0.03411862879999998
3.7468810398066097,-10.64749880462335,-6.594538838948992,-4.874076533399432,2018-11-19,0.002894022,-0.006729153000000002,1.0,-1.0,0,0.0,0.003764848799999992,0.037012650799999984
3.4546244048389103,-10.56463696908514,-6.38737126207106,-5.011135941805236,2018-11-20,0.004643409,-0.004439640000000002,1.0,-1.0,0,0.0,0.003764848799999992,0.041656059799999985
3.1590238415003355,-9.469299032780961,-7.113630729973692,-5.164974592833205,2018-11-21,-0.001078008,-0.006611957000000002,1.0,-0.9047619047619048,0,-0.0,0.003764848799999992,0.04057805179999999
2.8738713571591963,-9.373515536717754,-7.009909954380822,-5.306726870778391,2018-11-22,0.0012760979999999994,-0.0023191370000000015,1.0,-0.8095238095238095,0,0.0,0.003764848799999992,0.04185414979999998
2.5355495852127987,-10.978229481782689,-8.144138661979527,-5.47495240343352,2018-11-23,-0.004226789,-0.003842957000000001,1.0,-0.7142857142857143,0,-0.0,0.003764848799999992,0.03762736079999998
1.5873365083469295,-10.714467593809124,-8.084691175226087,-5.9190532774481985,2018-11-26,0.0010542469999999997,-0.007179815000000002,1.0,-0.6190476190476191,0,0.0,0.003764848799999992,0.03868160779999998
1.285843536394168,-10.667363806935962,-8.056749351075055,-6.039019921455008,2018-11-27,0.002925028000000001,-0.006413055000000002,1.0,-0.5238095238095238,0,0.0,0.003764848799999992,0.041606635799999986
0.9905303228161486,-9.97879554448992,-8.524705395252205,-6.172537993735888,2018-11-28,0.0006918749999999999,-0.007076353000000001,1.0,-0.42857142857142855,0,0.0,0.003764848799999992,0.04229851079999999
0.6972512960292789,-9.086618253821246,-7.655585823589767,-6.272856947328847,2018-11-29,8.113000000000009e-06,-0.006625565000000001,1.0,-0.3333333333333333,0,0.0,0.003764848799999992,0.042306623799999984
0.4405997514621518,-10.34970964522591,-8.393944267391023,-6.394547379250837,2018-11-30,-5.063e-05,-0.005189711,1.0,-0.23809523809523808,0,-0.0,0.003764848799999992,0.04225599379999998
-0.3313511011076997,-11.005292616643091,-6.70245796583154,-6.656129140254137,2018-12-03,-0.0015771500000000007,-0.002308372999999999,1.0,-0.14285714285714285,0,-0.0,0.003764848799999992,0.04067884379999998
-0.6300906312712939,-10.879880913977845,-6.682265308422288,-6.711202035367763,2018-12-04,-0.0004333660000000012,-0.0006964669999999992,1.0,-0.047619047619047616,0,-0.0,0.003764848799999992,0.04024547779999998
-0.9395363963259696,-10.026791831816878,-6.499489752528776,-6.742618772407781,2018-12-05,0.0006491800000000001,-0.00046662299999999934,1.0,0.047619047619047616,1,0.0006491800000000001,0.004414028799999992,0.04089465779999998
-1.2685411347471245,-9.711445357672462,-6.262767632017787,-6.765679425143985,2018-12-06,3.9335000000000016e-05,-0.005581065,1.0,0.14285714285714285,1,3.9335000000000016e-05,0.004453363799999992,0.04093399279999998
-1.6176866564850414,-9.001902568582556,-6.399341173677287,-6.828923513981381,2018-12-07,-0.001010099,-0.0009688049999999997,1.0,0.23809523809523808,1,-0.001010099,0.0034432647999999917,0.03992389379999998
-2.627978606773535,-9.312426732448273,-6.883226564798576,-7.024535480542254,2018-12-10,-0.002748079,-0.013111582,1.0,0.3333333333333333,1,-0.002748079,0.0006951857999999917,0.03717581479999998
-2.9852479146498005,-8.153200662991607,-6.654028326598128,-7.093648399508197,2018-12-11,0.0044222079999999995,-0.004646813000000001,1.0,0.42857142857142855,1,0.0044222079999999995,0.005117393799999991,0.041598022799999974
-3.288300686406167,-7.868915727465799,-6.384398297227131,-7.091541719769026,2018-12-12,-0.004524487,-0.006647990000000001,1.0,0.5238095238095238,1,-0.004524487,0.0005929067999999914,0.037073535799999974
-3.572553766226686,-8.470715508025508,-5.79953268719113,-7.074367051577668,2018-12-13,0.001273069,-0.011162464,1.0,0.6190476190476191,1,0.001273069,0.0018659757999999914,0.038346604799999975
-3.972730190150013,-13.870900921489051,-8.79087946723949,-7.180532754001149,2018-12-14,0.004728464999999999,-0.0027889300000000002,1.0,0.7142857142857143,1,0.004728464999999999,0.006594440799999991,0.04307506979999998
-5.097451042352707,-11.826049298220795,-9.513750596567897,-7.521803286468241,2018-12-17,-0.003037945,-7.242299999999936e-05,1.0,0.8095238095238095,1,-0.003037945,0.003556495799999991,0.040037124799999976
-5.491856000348914,-13.428516685303064,-8.879347537592476,-7.6439627466903355,2018-12-18,-0.0019979920000000005,0.003489428,1.0,0.9047619047619048,1,-0.0019979920000000005,0.0015585037999999904,0.03803913279999997
-5.897805137587429,-13.257257306714989,-9.067232421816586,-7.76033276379124,2018-12-19,-0.0031122259999999996,-1.5954000000000207e-05,1.0,1.0,1,-0.0031122259999999996,-0.0015537222000000092,0.03492690679999997
-6.272716039257307,-12.880566276652367,-8.870899835625881,-7.8686765790452,2018-12-20,0.001211505,0.001466714,1.0,1.0,1,0.001211505,-0.0003422172000000091,0.03613841179999997
-6.638003730978074,-12.062304627079884,-9.929571419145425,-8.014338718249121,2018-12-21,-0.0008962190000000002,0.0007473779999999999,1.0,1.0,1,-0.0008962190000000002,-0.0012384362000000093,0.035242192799999975
-7.619324841584188,-11.656771102917011,-9.501613545947468,-8.40803033075167,2018-12-24,6.603100000000014e-05,0.0028526570000000006,1.0,1.0,1,6.603100000000014e-05,-0.0011724052000000092,0.035308223799999976
-7.911923029059692,-11.522736250155836,-9.36934666239097,-8.525787005096078,2018-12-25,-0.000469573,-0.002229798,1.0,1.0,1,-0.000469573,-0.0016419782000000093,0.034838650799999975
-8.1936670020735,-11.48669827076398,-9.171541015065126,-8.629168050493691,2018-12-26,-0.00041183,0.0029712550000000003,1.0,1.0,1,-0.00041183,-0.0020538082000000095,0.03442682079999997
-8.464661916437574,-10.95796851088251,-9.358159658264213,-8.758137016076148,2018-12-27,0.001458635,0.0031440070000000007,1.0,1.0,1,0.001458635,-0.0005951732000000094,0.03588545579999997
-8.720178742884357,-10.838057788829387,-9.183530489989675,-8.891693653902507,2018-12-28,-0.0006551850000000003,0.002215849000000001,1.0,1.0,1,-0.0006551850000000003,-0.0012503582000000096,0.03523027079999997
-9.427348214559586,-10.023127387276926,-9.16026310242898,-9.283374691199526,2018-12-31,0.000400158,-0.0012434399999999997,1.0,1.0,1,0.000400158,-0.0008502002000000096,0.03563042879999997
-9.665851076398912,-9.9213139162283,-9.038531658084892,-9.424035276503217,2019-01-01,-0.000141296,-0.004687851,1.0,1.0,1,-0.000141296,-0.0009914962000000095,0.03548913279999997
-9.970196771138117,-9.769974253323188,-8.919123954073045,-9.5845620516414,2019-01-02,0.002447972,-0.006884667,1.0,1.0,1,0.002447972,0.0014564757999999906,0.03793710479999997
-10.287472901385854,-9.018533103689442,-9.276157490807387,-9.74582295389058,2019-01-03,0.002261086,-0.005598654,1.0,1.0,1,0.002261086,0.00371756179999999,0.04019819079999997
-10.644834837707009,-12.68209883340712,-7.802457251477272,-9.858274526805218,2019-01-04,0.0002691789999999999,0.0025119010000000004,1.0,1.0,1,0.0002691789999999999,0.00398674079999999,0.04046736979999997
-11.618783633109212,-11.105424253732329,-7.726761440654815,-10.147056191517748,2019-01-07,-0.006124541000000001,-0.0005531609999999995,1.0,1.0,1,-0.006124541000000001,-0.002137800200000011,0.034342828799999975
-11.974267851024086,-14.136277183960324,-9.055013968003935,-10.284157664975057,2019-01-08,0.001864181,0.005116268,1.0,1.0,1,0.001864181,-0.00027361920000001103,0.036207009799999974
-12.309973787646749,-13.930605614231755,-9.05987160770885,-10.412921322113393,2019-01-09,-0.007720569,-0.0001492030000000003,1.0,1.0,1,-0.007720569,-0.00799418820000001,0.028486440799999974
-12.620450832556417,-14.797109167442624,-9.072691431293213,-10.523155348384307,2019-01-10,0.003940282000000001,-0.001225206,1.0,1.0,1,0.003940282000000001,-0.00405390620000001,0.032426722799999974
-12.955166651941779,-15.190209181645088,-9.156116371997769,-10.699919689446377,2019-01-11,-0.0007281080000000003,-0.0046278510000000005,-1.0,1.0,1,-0.0007281080000000003,-0.004782014200000011,0.031698614799999976
-13.897274827395332,-15.117617387140145,-9.128754578352584,-11.180468956701247,2019-01-14,0.00021399100000000007,-0.0096003023,-1.0,1.0,1,0.00021399100000000007,-0.0045680232000000105,0.03191260579999997
-14.215663699527527,-14.411285103050135,-9.382093728216404,-11.332765425138831,2019-01-15,0.005335589,-0.0122718323,-1.0,0.9047619047619048,1,0.005335589,0.0007675657999999894,0.037248194799999974
-14.533912514626277,-14.604811503115265,-9.092994444919766,-11.467562047619793,2019-01-16,0.0007185150000000001,-0.0124762803,-1.0,0.8095238095238095,1,0.0007185150000000001,0.0014860807999999895,0.03796670979999998
-14.837784116971175,-15.008924097016571,-8.589261939420481,-11.593712880703096,2019-01-17,0.0004496249999999999,-0.0107206253,-1.0,0.7142857142857143,1,0.0004496249999999999,0.0019357057999999895,0.03841633479999998
-15.132358723287453,-13.960437420572276,-8.868022882028903,-11.710826878431106,2019-01-18,-0.002293877,-0.0097611483,-1.0,0.6190476190476191,1,-0.002293877,-0.0003581712000000107,0.03612245779999998
-15.954253161150934,-13.464710624909587,-8.544327215139822,-12.004729239433686,2019-01-21,0.0005864490000000001,-0.0086975813,-1.0,0.5238095238095238,1,0.0005864490000000001,0.00022827779999998936,0.03670890679999998
-16.214807875934238,-12.90012765178428,-8.17334117121156,-12.039095326006846,2019-01-22,-0.0006533050000000001,-0.0109645773,-1.0,0.42857142857142855,1,-0.0006533050000000001,-0.0004250272000000107,0.03605560179999998
-16.509474218404367,-12.753333788895814,-8.696419957871386,-12.10049192785786,2019-01-23,0.0016357060000000007,-0.005698461299999999,-1.0,0.3333333333333333,1,0.0016357060000000007,0.00121067879999999,0.03769130779999998
-16.87443528099644,-17.051701005165967,-8.927767896490199,-12.175279294328758,2019-01-24,-0.005494285000000001,-0.0101990613,-1.0,0.23809523809523808,1,-0.005494285000000001,-0.00428360620000001,0.03219702279999998
-17.257029209836947,-18.199467587778887,-9.538463384044627,-12.277459296839965,2019-01-25,0.006659688,-0.008445388299999999,-1.0,0.14285714285714285,1,0.006659688,0.0023760817999999902,0.038856710799999986
-18.27892113799632,-17.475395909601833,-9.181354826705457,-12.545099762508274,2019-01-28,-0.0004824330000000001,-0.008934118299999998,-1.0,0.047619047619047616,1,-0.0004824330000000001,0.0018936487999999902,0.03837427779999999
-18.593814013600284,-16.93250840050988,-9.270212086459694,-12.6315941147613,2019-01-29,-0.0005279999999999998,-0.004700353299999998,-1.0,-0.047619047619047616,0,-0.0,0.0018936487999999902,0.03784627779999999
-18.958566057916666,-17.78206549305601,-8.866164042760044,-12.710820798998995,2019-01-30,-0.0036005850000000008,-0.0033297022999999983,-1.0,-0.14285714285714285,0,-0.0,0.0018936487999999902,0.034245692799999984
-19.3339898937346,-18.10133566696641,-8.309978530830394,-12.76761303180709,2019-01-31,-0.000996439,-0.002366356299999998,-1.0,-0.23809523809523808,0,-0.0,0.0018936487999999902,0.03324925379999998
-19.800049384214823,-22.03866760946417,-3.9434786491938265,-12.70820627273973,2019-02-01,6.427000000000011e-05,-0.005119601299999998,-1.0,-0.3333333333333333,0,0.0,0.0018936487999999902,0.03331352379999998
-21.077912496168338,-19.556045949671656,-5.6229153880491305,-12.596324460983185,2019-02-04,0.0015551919999999995,-0.006873081299999997,-1.0,-0.42857142857142855,0,0.0,0.0018936487999999902,0.03486871579999998
-21.574267442611244,-17.945835448879347,-5.155024198120578,-12.588728982362625,2019-02-05,0.001986014,-0.005247465299999997,-1.0,-0.5238095238095238,0,0.0,0.0018936487999999902,0.03685472979999998
-22.035431506192797,-18.887494242212195,-5.258190991176235,-12.559923114656444,2019-02-06,-0.0012008810000000002,-0.005011607299999997,-1.0,-0.6190476190476191,0,-0.0,0.0018936487999999902,0.03565384879999998
-22.475748853778352,-19.16179839398349,-6.308058385267844,-12.567521348301494,2019-02-07,-0.0020511400000000003,-0.005839831299999996,-1.0,-0.7142857142857143,0,-0.0,0.0018936487999999902,0.03360270879999998
-22.899495307099823,-19.18377050591065,-6.5279384207940145,-12.585534733373125,2019-02-08,-0.0013251889999999998,-0.003439767299999997,-1.0,-0.8095238095238095,0,-0.0,0.0018936487999999902,0.03227751979999998
-24.025602746776414,-18.457626245917254,-6.448087292615807,-12.571607792584414,2019-02-11,-0.001804111,0.0036937967000000038,-1.0,-0.9047619047619048,0,-0.0,0.0018936487999999902,0.03047340879999998
-24.388359240661437,-17.80049478564061,-6.810789924040241,-12.582083406404704,2019-02-12,-0.0031886540000000004,0.0013297520000000037,-1.0,-1.0,0,-0.0,0.0018936487999999902,0.02728475479999998
-24.767251675325713,-17.964506216300272,-7.100477989912642,-12.643994634610904,2019-02-13,0.00036313769999999984,0.004683504000000004,-1.0,-1.0,0,0.0,0.0018936487999999902,0.02764789249999998
-25.209802312545662,-11.191266588417133,-12.582987302580275,-12.838381437459688,2019-02-14,-0.001953015,0.005665864000000005,-1.0,-1.0,0,-0.0,0.0018936487999999902,0.02569487749999998
-25.66378454052989,-9.19353303115442,-13.649927709811836,-13.060547639993727,2019-02-15,0.0002451770000000001,0.006924931000000005,-1.0,-1.0,0,0.0,0.0018936487999999902,0.02594005449999998
-26.86682359887836,-9.039229867448627,-13.00036719973815,-13.65112922631265,2019-02-18,-0.000538222,0.010990924000000008,-1.0,-1.0,0,-0.0,0.0018936487999999902,0.025401832499999978
-27.23169349792312,-9.51870196869892,-12.565274113144646,-13.807142605236109,2019-02-19,0.001545926,0.007274036000000008,-1.0,-1.0,0,0.0,0.0018936487999999902,0.026947758499999978
-27.604600966209425,-9.455882170245461,-13.109902112218759,-13.967338500747047,2019-02-20,0.00041026199999999967,0.004434575000000007,-1.0,-1.0,0,0.0,0.0018936487999999902,0.027358020499999976
-28.03009225976377,-6.4280279882118485,-12.585611216979244,-14.105244775597614,2019-02-21,-0.0006312899999999997,0.005650311000000007,-1.0,-1.0,0,-0.0,0.0018936487999999902,0.026726730499999976
-28.463789957118458,-6.727946471245772,-12.585006624841945,-14.243751260683256,2019-02-22,-0.0002281689999999999,0.005353165000000007,-1.0,-1.0,0,-0.0,0.0018936487999999902,0.026498561499999976
-29.618314117378613,-6.519153246640832,-12.192531743248074,-14.610829407043552,2019-02-25,0.002159088,0.003653586000000007,-1.0,-1.0,0,0.0,0.0018936487999999902,0.028657649499999976
-30.003232424496865,-4.977303629498773,-13.13263466408618,-14.763031591219786,2019-02-26,0.00127124,0.004577416000000007,-1.0,-1.0,0,0.0,0.0018936487999999902,0.029928889499999976
-30.42431774125381,-4.19311490883235,-13.358777286600544,-14.93603408499702,2019-02-27,-0.00101673,0.004076921000000007,1.0,-1.0,0,-0.0,0.0018936487999999902,0.028912159499999975
-30.879164458520172,-5.049788690308901,-13.403147810589392,-15.138575453494393,2019-02-28,0.00063318,0.001598115000000007,1.0,-1.0,0,0.0,0.0018936487999999902,0.029545339499999976
-31.494573779137372,-2.7047044188968177,-15.717319068126823,-15.407535538234642,2019-03-01,0.0003742119999999999,0.0003482240000000068,1.0,-0.9047619047619048,0,0.0,0.0018936487999999902,0.029919551499999975
-33.14001625998951,-2.7964491744357924,-15.253711701500965,-16.117411855342056,2019-03-04,0.001027616,-0.0014716719999999942,1.0,-0.8095238095238095,0,0.0,0.0018936487999999902,0.030947167499999973
-33.629678242325056,-3.426682460979776,-12.39701872443975,-16.21036013376957,2019-03-05,-0.001198053,-0.003415458999999995,1.0,-0.7142857142857143,0,-0.0,0.0018936487999999902,0.029749114499999972
-34.08678518781805,-3.2430020902877903,-12.456702687909546,-16.30491656196196,2019-03-06,0.0002325340000000001,-0.003131045999999995,1.0,-0.6190476190476191,0,0.0,0.0018936487999999902,0.02998164849999997
-34.51762259809976,-3.356130600190828,-11.914044507055463,-16.379466453620978,2019-03-07,0.00042473500000000014,-0.005097702999999995,-1.0,-0.5238095238095238,0,0.0,0.0018936487999999902,0.03040638349999997
-34.99229381146614,-1.8619763447267088,-12.321575446578615,-16.561415026054302,2019-03-08,-0.001815282,-0.0033002089999999962,-1.0,-0.42857142857142855,0,-0.0,0.0018936487999999902,0.02859110149999997
-36.23966460588084,-4.614580557458201,-10.269465098972807,-16.952934164638382,2019-03-11,-0.0021534129999999994,-0.004069454999999996,-1.0,-0.42857142857142855,0,-0.0,0.0018936487999999902,0.02643768849999997
-36.62664263005472,-2.6612373941295244,-11.026402873602574,-17.06986718043413,2019-03-12,0.0005959529999999999,-0.009530028999999997,-1.0,-0.42857142857142855,0,0.0,0.0018936487999999902,0.02703364149999997
-36.99793959013278,-3.666200437568056,-9.728221886892797,-17.12602874422062,2019-03-13,0.00394491,-0.005390894999999997,-1.0,-0.42857142857142855,0,0.0,0.0018936487999999902,0.03097855149999997
-37.38775676696153,-3.2098101052307277,-10.002020777818561,-17.206418464064587,2019-03-14,-0.002000907,-0.006505706999999998,-1.0,-0.42857142857142855,0,-0.0,0.0018936487999999902,0.02897764449999997
-37.771829924068,-2.713168170240837,-10.282062852459141,-17.321517327079178,2019-03-15,0.0014007370000000006,-0.006721126999999999,-1.0,-0.42857142857142855,0,0.0,0.0018936487999999902,0.030378381499999968
-38.789958164660355,-2.652385219411097,-10.171409744760231,-17.593730961105013,2019-03-18,0.0012275370000000008,-0.008287495999999998,1.0,-0.42857142857142855,0,0.0,0.0018936487999999902,0.03160591849999997
-39.080528510981075,-1.560130057760156,-9.474307780385184,-17.638954964811628,2019-03-19,0.000720845,-0.008313685000000001,1.0,-0.42857142857142855,0,0.0,0.0018936487999999902,0.032326763499999966
-39.35576252184496,-1.6042091375293899,-9.273244790072534,-17.66679306249432,2019-03-20,0.0056119190000000025,-0.005668426000000002,1.0,-0.3333333333333333,0,0.0,0.0018936487999999902,0.037938682499999966
-39.613294578018525,-2.341431811538079,-8.581642142112628,-17.651278495346393,2019-03-21,-0.0033066259999999996,-0.0030879370000000002,1.0,-0.23809523809523808,0,-0.0,0.0018936487999999902,0.034632056499999966
-39.97122233365509,-8.601704182726314,-12.908404926113073,-17.793628277720725,2019-03-22,-0.003470751000000001,-0.001021503,-1.0,-0.14285714285714285,0,-0.0,0.0018936487999999902,0.031161305499999965
-40.9163571560817,-7.549473502644651,-11.569462383224131,-18.11149895221924,2019-03-25,0.0009875669999999995,0.0020002790000000006,-1.0,-0.047619047619047616,0,0.0,0.0018936487999999902,0.03214887249999997
-41.2578127930482,-5.995383926191332,-12.616996274464505,-18.230905896120575,2019-03-26,0.0018619420000000001,0.0039378320000000005,-1.0,-0.047619047619047616,0,0.0,0.0018936487999999902,0.034010814499999965
-41.58242210853422,-6.20426358611776,-12.749402808366327,-18.348585867094,2019-03-27,-0.000428339,0.0048734320000000005,-1.0,-0.047619047619047616,0,-0.0,0.0018936487999999902,0.033582475499999966
-41.93823786794349,-7.141732518702066,-13.125663430647887,-18.47537237427564,2019-03-28,-9.290000000000002e-05,0.0059246820000000006,-1.0,-0.047619047619047616,0,-0.0,0.0018936487999999902,0.033489575499999966
-42.26324241705045,-8.573174087965906,-12.631309234437554,-18.59818523957428,2019-03-29,0.00013268499999999995,0.010773174000000002,-1.0,-0.047619047619047616,0,0.0,0.0018936487999999902,0.033622260499999966
-43.30125413616289,-8.096807624206711,-14.44842058818098,-18.914380925731766,2019-04-01,-0.002104594,0.009605430000000002,-1.0,-0.14285714285714285,0,-0.0,0.0018936487999999902,0.031517666499999965
-43.74502449764759,-8.026287814697092,-13.98644704856718,-19.045936504736236,2019-04-02,-0.000222275,0.010214055000000001,-1.0,-0.23809523809523808,0,-0.0,0.0018936487999999902,0.031295391499999964
-44.196197243610314,-3.6142096169523286,-14.403743764628794,-19.1587017704572,2019-04-03,-0.003017949000000001,0.014647466000000003,-1.0,-0.3333333333333333,0,-0.0,0.0018936487999999902,0.02827744249999996
-44.61611516370274,-5.854698793407611,-14.90476254772016,-19.307122560392187,2019-04-04,-0.0017112530000000007,0.0,-1.0,-0.42857142857142855,0,-0.0,0.0018936487999999902,0.026566189499999962
-45.00471381862236,-6.072919653828469,-14.35441365983274,-19.43043483456441,2019-04-05,0.0007091479999999999,0.0,-1.0,-0.5238095238095238,0,0.0,0.0018936487999999902,0.027275337499999962
-46.01479065666536,-6.0070865679771135,-14.161454952404293,-19.741193594156886,2019-04-08,-0.003781939,0.0,-1.0,-0.6190476190476191,0,-0.0,0.0018936487999999902,0.023493398499999964
-46.309022880119045,-5.270997237289481,-14.442996658614998,-19.828304561333653,2019-04-09,-0.0003559190000000001,0.0,-1.0,-0.6190476190476191,0,-0.0,0.0018936487999999902,0.023137479499999964
-46.58118929144954,-3.1866918656025183,-14.859493172941034,-19.926892350492427,2019-04-10,-0.00017329299999999998,0.0,-1.0,-0.6190476190476191,0,-0.0,0.0018936487999999902,0.022964186499999963
-46.840323916551675,-4.319952576782753,-13.799642592576307,-19.976063893683147,2019-04-11,-0.0015156640000000006,0.0,-1.0,-0.6190476190476191,0,-0.0,0.0018936487999999902,0.021448522499999963
-47.09077358582243,-3.8348178203305343,-13.793388417351256,-20.03082361079629,2019-04-12,0.002138227,0.0,-1.0,-0.6190476190476191,0,0.0,0.0018936487999999902,0.023586749499999962
-47.729991570227604,-3.992193906367172,-13.159465579641118,-20.154961215756003,2019-04-15,0.00028592499999999986,0.0,-1.0,-0.6190476190476191,0,0.0,0.0018936487999999902,0.02387267449999996
-47.91238957292158,-2.398255042205207,-13.908811255345993,-20.209174806018964,2019-04-16,0.0010121169999999999,0.0,-1.0,-0.6190476190476191,0,0.0,0.0018936487999999902,0.02488479149999996
-48.094795431556996,-2.4154149025393217,-13.885988947725279,-20.17320973249194,2019-04-17,-0.0008455239999999997,0.0,-1.0,-0.6190476190476191,0,-0.0,0.0018936487999999902,0.02403926749999996
-48.344870707892866,-3.7356330040028816,-13.170194111792645,-20.107440763090292,2019-04-18,0.005585729999999999,0.0,-1.0,-0.7142857142857143,0,0.0,0.0018936487999999902,0.029624997499999958
-48.57145851655473,-3.7249852369404137,-12.827024450995816,-20.033596114806016,2019-04-19,-0.0006613669999999999,0.0,-1.0,-0.8095238095238095,0,-0.0,0.0018936487999999902,0.02896363049999996
-49.138956036359644,-2.0819945707425256,-13.55181337728527,-19.85330373962748,2019-04-22,-0.0008902620000000002,0.0,-1.0,-0.9047619047619048,0,-0.0,0.0018936487999999902,0.02807336849999996
-49.313956017574256,-2.9368281861077694,-12.987190293537203,-19.841065441015214,2019-04-23,0.0030540009999999998,0.0,-1.0,-1.0,0,0.0,0.0018936487999999902,0.03112736949999996
-49.49114787112057,-3.564117509301707,-13.363972783654384,-19.852708951493426,2019-04-24,0.004883724000000001,0.0,-1.0,-1.0,0,0.0,0.0018936487999999902,0.03601109349999996
-49.67505557656706,-2.970225893782831,-13.668354236800964,-19.935890369597853,2019-04-25,0.001509214,0.0,-1.0,-1.0,0,0.0,0.0018936487999999902,0.03752030749999996
-49.84819463394148,-5.577327470090276,-12.12566626706476,-19.95950905556441,2019-04-26,0.0008427000000000003,0.0,-1.0,-1.0,0,0.0,0.0018936487999999902,0.03836300749999996
-50.28662576599589,-6.901689679068872,-12.08436439960112,-20.006616503548127,2019-04-29,0.001183935,0.0,-1.0,-1.0,0,0.0,0.0018936487999999902,0.03954694249999996
-50.46581327259046,-4.237364072063197,-10.448309552606707,-20.031916415685412,2019-04-30,0.002743898000000001,0.0,-1.0,-1.0,0,0.0,0.0018936487999999902,0.04229084049999996
-50.65696902497457,-5.32121889453541,-9.83269382237776,-20.014249166396368,2019-05-01,-0.0013900189999999995,0.0,-1.0,-1.0,0,-0.0,0.0018936487999999902,0.04090082149999996
-50.915529378018974,-5.3267607209449865,-10.323625965195586,-20.03267539041053,2019-05-02,-0.002409324,0.0,-1.0,-1.0,0,-0.0,0.0018936487999999902,0.038491497499999965
-51.17830988919138,-3.749486660972975,-8.810857168204835,-20.001308056100303,2019-05-03,0.002722158000000001,0.0,-1.0,-1.0,0,0.0,0.0018936487999999902,0.04121365549999997
