ESI_Global_normalised_madiff,EDI_EURUSD_spread_spotvma,EDI_G10_normalised_spotvma,EDI_Global_normalised_madiff,Date,LSTM,target,Predictions,scaled_signal,trend_buy_sell,strat_returns,strat_returns_sum,nonfiltered_ret
45.629309061792505,3.482773516655183,14.195666305593393,28.21354759293561,2017-04-12,0.006890842000000001,0.04639983300000002,1.0,,0,0.0,0.0,0.006890842000000001
45.943295156277635,3.027664041309876,14.663934337132584,28.27373262537202,2017-04-13,-0.006443624,0.052693670000000026,1.0,,0,-0.0,0.0,0.00044721800000000096
46.23112833169175,2.996530320369234,14.495836328365385,28.324502277929117,2017-04-14,7.677999999999678e-06,0.06460319800000003,1.0,,0,0.0,0.0,0.00045489600000000064
46.971405142867134,8.572633728564684,9.917076231190062,28.41392795388835,2017-04-17,0.0032979999999999997,0.06487463000000002,-1.0,,0,0.0,0.0,0.0037528960000000004
47.219944805948565,9.037640624741314,9.405212939089157,28.41312429271389,2017-04-18,0.01219733,0.05826292100000001,-1.0,,0,0.0,0.0,0.015950225999999998
47.44103076213602,8.892049090507882,9.338025813851985,28.40504398201185,2017-04-19,-0.002866686999999999,0.07301700500000001,-1.0,,0,-0.0,0.0,0.013083538999999998
47.702753095531165,8.813100773657766,10.780143513056133,28.453208517563496,2017-04-20,0.0007850229999999999,0.07594179100000001,-1.0,,0,0.0,0.0,0.013868561999999997
48.03251463607982,11.451105461093027,10.894705633989227,28.508583536730686,2017-04-21,0.0013654,0.047304650000000004,-1.0,,0,0.0,0.0,0.015233961999999997
48.882643447097905,11.677977098451866,10.492514168418051,28.618270734300125,2017-04-24,0.021084815000000003,0.04214120100000001,-1.0,,0,0.0,0.0,0.036318777
49.15100023982855,10.233372525191172,11.244068883122273,28.676915800131606,2017-04-25,0.009433541,0.044906220000000004,-1.0,,0,0.0,0.0,0.045752318
49.403565058867606,10.075921761145763,11.395250967433267,28.74211185889419,2017-04-26,-0.003432832,0.045940716,-1.0,,0,-0.0,0.0,0.042319486
49.68182357644977,12.534012186593339,12.30275475478853,28.83941361174086,2017-04-27,-0.004533511999999999,0.038567558,-1.0,,0,-0.0,0.0,0.03778597400000001
49.94086656111884,15.93227542815058,11.454432931222641,28.90685049335423,2017-04-28,0.0031132839999999983,0.041848090000000004,-1.0,,0,0.0,0.0,0.04089925800000001
50.60484596344834,17.675196554245414,9.307752851350562,29.001933149107785,2017-05-01,0.000379593,0.04631329600000001,-1.0,,0,0.0,0.0,0.041278851000000005
50.86273297010194,16.877666237357108,9.168121962493801,28.93846356379251,2017-05-02,0.004512440999999999,0.04844867100000001,-1.0,,0,0.0,0.0,0.045791292000000004
51.11956971786178,15.97327642892822,9.821244271301778,28.87534333477397,2017-05-03,-0.006261294000000001,0.04420629900000002,-1.0,,0,-0.0,0.0,0.039529998000000004
51.41349236364069,16.419735788021285,10.180802651565568,28.821462171642228,2017-05-04,0.013615891,0.03760177400000002,-1.0,,0,0.0,0.0,0.053145889
51.706019582166654,15.649901485878852,10.392543261416924,28.79250798485955,2017-05-05,0.0028711940000000005,0.05169561100000002,-1.0,,0,0.0,0.0,0.056017083
52.45680214643461,15.15554669247571,10.108740347638644,28.66429816852425,2017-05-08,-0.010876083000000005,0.055170606000000025,-1.0,,0,-0.0,0.0,0.045141
52.697114634202855,14.94350368531985,10.182995719636146,28.616007618452787,2017-05-09,-0.005909828999999999,0.04958811600000002,-1.0,,0,-0.0,0.0,0.039231171
52.922896282582634,15.044065871650233,10.2187784853806,28.57032405275432,2017-05-10,-0.0013817300000000005,0.04913152100000002,-1.0,,0,-0.0,0.0,0.037849441000000004
53.16226567529961,14.49673297747314,10.1325407646553,28.509183970240684,2017-05-11,-0.0007128049999999992,0.04067105600000002,-1.0,,0,-0.0,0.0,0.03713663600000001
53.421058600368355,16.47191727958803,8.5803208625966,28.429484629298702,2017-05-12,0.009710415000000002,0.034772377000000014,-1.0,-0.7142857142857143,0,0.0,0.0,0.04684705100000001
54.09083819243114,15.267215332254882,8.763047937552287,28.165701322445912,2017-05-15,0.006301515,0.020827351000000015,-1.0,-0.8095238095238095,0,0.0,0.0,0.05314856600000001
54.35547378905729,15.856935108187391,8.040628131162551,28.066716668383236,2017-05-16,0.015207528,-0.00023921599999998742,-1.0,-0.9047619047619048,0,0.0,0.0,0.068356094
54.60954534818839,15.63037894920954,7.955596314629239,27.95330625927028,2017-05-17,0.012468762,0.014982743000000012,-1.0,-1.0,0,0.0,0.0,0.080824856
54.85681726775474,14.600266032870787,8.911902878104758,27.874124758061114,2017-05-18,-0.009478396,-0.0042835219999999875,-1.0,-1.0,0,-0.0,0.0,0.07134646
55.09265514239336,14.383450414714586,8.534058681608673,27.78809627026295,2017-05-19,0.015539107,-0.009579153999999986,-1.0,-1.0,0,0.0,0.0,0.086885567
55.70250724834068,13.409349993843696,8.501367516307424,27.52173310974743,2017-05-22,0.004290185999999998,0.0023705960000000134,-1.0,-1.0,0,0.0,0.0,0.091175753
55.986006886823255,17.014883158713175,8.134268269387395,27.41017089387975,2017-05-23,-0.007552326,-0.003788159999999988,-1.0,-1.0,0,-0.0,0.0,0.083623427
56.24398127605978,16.893986886727053,8.130853943544318,27.29367623721535,2017-05-24,0.0042700920000000005,0.001839123000000013,-1.0,-1.0,0,0.0,0.0,0.087893519
56.48279983228488,16.46847120457135,7.7609830855389905,27.152192706957607,2017-05-25,-0.0006678130000000004,0.004224011000000014,-1.0,-1.0,0,-0.0,0.0,0.087225706
56.696586342757314,15.14590365316817,7.515050375376737,27.00940872200813,2017-05-26,-0.003499016000000001,0.02895384500000001,-1.0,-1.0,0,-0.0,0.0,0.08372668999999999
57.201125793457784,14.555709038475024,7.35570856181916,26.587334657068524,2017-05-29,-0.004259873999999999,0.03121436300000001,-1.0,-1.0,0,-0.0,0.0,0.079466816
57.375214057975406,13.210128525523649,6.7191496164657325,26.42297454324654,2017-05-30,0.003660125,0.03153295500000001,-1.0,-1.0,0,0.0,0.0,0.083126941
57.54874151555299,11.56526762681689,6.062164274066624,26.164714693894297,2017-05-31,0.008977647000000002,0.03343930700000001,-1.0,-1.0,0,0.0,0.0,0.092104588
57.81123543085313,11.410800868448355,6.7073291056275774,25.92189974747181,2017-06-01,-0.0041259190000000005,0.015600848000000013,-1.0,-1.0,0,-0.0,0.0,0.087978669
58.06415276322985,12.190069871400896,6.166775814509242,25.718387813380016,2017-06-02,0.009373519,0.017201301000000013,-1.0,-1.0,0,0.0,0.0,0.09735218799999999
58.72308988006637,11.785549946464055,5.804860041053027,25.12806916919223,2017-06-05,-0.003733331,0.014445148000000012,-1.0,-1.0,0,-0.0,0.0,0.09361885699999999
58.93552856540845,10.949292715430424,6.195953002814812,24.943797884981066,2017-06-06,0.003217754000000001,0.02627887800000001,-1.0,-1.0,0,0.0,0.0,0.09683661099999999
59.13698730318986,10.18845217508491,5.658472876819706,24.75191046214529,2017-06-07,-0.002434833999999998,0.030738908000000006,-1.0,-1.0,0,-0.0,0.0,0.09440177699999999
59.33754835616131,10.41594354456956,5.183654050017003,24.56160541852869,2017-06-08,-0.0069642199999999975,0.031212176000000005,-1.0,-1.0,0,-0.0,0.0,0.087437557
59.51068383401137,10.292284646116793,5.361311027712953,24.34762483100718,2017-06-09,-0.0011694000000000006,0.038974801,-1.0,-1.0,0,-0.0,0.0,0.086268157
59.91229396804391,9.724758706419642,4.847472559658028,23.726800811434273,2017-06-12,0.0012499500000000005,0.031751405,-1.0,-1.0,0,0.0,0.0,0.087518107
60.067434417047956,9.331749769830722,4.925980065664442,23.55659606153993,2017-06-13,0.00040283599999999984,0.028880532000000004,-1.0,-1.0,0,0.0,0.0,0.087920943
60.19871935307148,12.0350614349349,2.743944455149771,23.306212758590874,2017-06-14,0.001262501999999998,0.046689653000000005,-1.0,-1.0,0,0.0,0.0,0.089183445
60.33239857581861,12.930718714260184,2.053640730876653,23.04608421945484,2017-06-15,-0.008597805000000002,0.042240455,-1.0,-1.0,0,-0.0,0.0,0.08058564
60.43381902872543,16.574283932911186,-0.6581971663971631,22.698930799862158,2017-06-16,0.005743562999999999,0.056466187,-1.0,-1.0,0,0.0,0.0,0.086329203
60.67380323501502,15.909098547811821,-0.6799492880384426,21.71931146599404,2017-06-19,-0.003727158,0.052471581,-1.0,-1.0,0,-0.0,0.0,0.082602045
60.76507652690254,15.698160612042955,-0.5960964202487711,21.407386401590003,2017-06-20,-0.0010054459999999997,0.064302516,-1.0,-1.0,0,-0.0,0.0,0.081596599
60.85566342489321,15.492298770492408,-0.11905254581716472,21.12278081716136,2017-06-21,0.004397424,0.070183285,-1.0,-1.0,0,0.0,0.0,0.085994023
60.94326620102298,15.422306919271334,0.3623047552920182,20.87605306232811,2017-06-22,-0.0018886640000000008,0.061803418999999984,-1.0,-1.0,0,-0.0,0.0,0.084105359
61.06834471229842,12.503125724828818,-1.1604582401485848,20.580499350548394,2017-06-23,0.0049594700000000005,0.06448172399999999,-1.0,-1.0,0,0.0,0.0,0.08906482900000001
61.34060328518928,13.764932480047069,-1.6119902822907068,19.720452646300014,2017-06-26,-0.0011141280000000005,0.057817304,-1.0,-1.0,0,-0.0,0.0,0.087950701
61.40766381263985,13.900528531815734,-1.3433219126098308,19.43844073309559,2017-06-27,0.020469959999999995,0.041918144000000004,-1.0,-1.0,0,0.0,0.0,0.108420661
61.46162563239786,13.912875805017602,-1.0001888330572406,19.17580454518813,2017-06-28,0.005920642999999999,0.04304080500000001,-1.0,-1.0,0,0.0,0.0,0.114341304
61.53527678942437,15.723201677087856,0.9462240729265688,18.989131053683067,2017-06-29,0.009296239,0.05694702200000001,-1.0,-1.0,0,0.0,0.0,0.123637543
61.58758981617152,16.70953852136984,1.0672622477558171,18.836059770999896,2017-06-30,-0.0022195669999999987,0.061347344000000005,-1.0,-1.0,0,-0.0,0.0,0.12141797600000001
61.768677616455186,14.317429360916774,2.762807260418525,18.451748000311934,2017-07-03,-0.008464939999999999,0.07023045600000001,-1.0,-1.0,0,-0.0,0.0,0.112953036
61.89463202732253,14.145799718212519,2.827198117592713,18.3760166783172,2017-07-04,-0.002132878,0.071908651,-1.0,-1.0,0,-0.0,0.0,0.110820158
62.03899818016843,16.692600091399413,3.6934426556195854,18.368937580979733,2017-07-05,0.000461601,0.049801386,-1.0,-1.0,0,0.0,0.0,0.11128175900000001
62.17144090276355,16.440129109504777,3.472883181248892,18.359170860599974,2017-07-06,0.009398896,0.05512647600000001,-1.0,-1.0,0,0.0,0.0,0.12068065500000001
62.31731595077186,16.13911424394456,4.626829951910781,18.418096642509397,2017-07-07,-0.00250419,0.05027797900000001,-1.0,-1.0,0,-0.0,0.0,0.11817646500000001
62.632163254058504,15.468828359635953,3.733897952771629,18.518009052286786,2017-07-10,-0.0006961320000000006,0.042538200000000005,-1.0,-1.0,0,-0.0,0.0,0.117480333
62.71278346221512,16.347250376148892,3.151409339616375,18.496815526603516,2017-07-11,0.009012574999999998,0.05082092700000001,-1.0,-1.0,0,0.0,0.0,0.12649290800000002
62.809276257457896,16.318109115963534,3.310617052706511,18.480404497858515,2017-07-12,-0.006820560000000001,0.058614334000000004,-1.0,-1.0,0,-0.0,0.0,0.11967234800000001
62.9052859669489,16.178728444952913,3.3028999399953594,18.47533561672149,2017-07-13,-0.0016083709999999984,0.043836755,-1.0,-1.0,0,-0.0,0.0,0.11806397700000001
62.96628950027075,19.609017205608602,0.6405827593128546,18.363100225696808,2017-07-14,0.009211316,0.037774443,-1.0,-1.0,0,0.0,0.0,0.127275293
63.07751502822151,18.902501322660445,0.6800857803278495,18.077808445837988,2017-07-17,0.0012943649999999998,0.031302588,-1.0,-1.0,0,0.0,0.0,0.128569658
63.12272817380077,19.515020512584396,-0.35955696184294617,17.980151048295863,2017-07-18,0.010498573999999998,0.030943902000000002,-1.0,-1.0,0,0.0,0.0,0.139068232
63.17208061376393,17.495295634461375,0.9814349573114188,17.934618140625304,2017-07-19,-0.0050000520000000005,0.018538203,-1.0,-1.0,0,-0.0,0.0,0.13406818
63.232877918991754,16.710135443345436,1.4355141987180693,17.907238101017896,2017-07-20,0.016228358999999998,0.020982565,-1.0,-1.0,0,0.0,0.0,0.150296539
63.27185873762742,16.506595736311027,1.3104555219422072,17.87891738257936,2017-07-21,0.003992105,0.018487308,-1.0,-1.0,0,0.0,0.0,0.154288644
63.33899812586144,13.615223362261641,0.8422311980742769,17.765767765564817,2017-07-24,-0.0034203960000000005,0.022313191000000003,-1.0,-1.0,0,-0.0,0.0,0.150868248
63.38969090867083,14.116159603329407,1.3440879452203456,17.734232317957574,2017-07-25,0.001564176999999999,0.007291988000000003,-1.0,-1.0,0,0.0,0.0,0.152432425
63.4327059638085,14.313513891042525,1.3461764473483004,17.704237402215494,2017-07-26,0.013805539999999998,0.033242586000000005,-1.0,-1.0,0,0.0,0.0,0.16623796500000002
63.48539423882782,14.695538779082662,1.7227370154447366,17.69648012947921,2017-07-27,-0.009978517,0.030259336000000008,-1.0,-1.0,0,-0.0,0.0,0.15625944800000002
63.59319219669786,14.962936102159286,2.5931250542210744,17.70340470569541,2017-07-28,0.0104189,0.01717613600000001,-1.0,-1.0,0,0.0,0.0,0.16667834800000003
63.82826249773991,15.14748277272618,3.10926074082488,17.712711273164214,2017-07-31,0.01168665,0.011884119000000009,-1.0,-1.0,0,0.0,0.0,0.17836499800000002
63.94818725042719,14.97718878041075,2.663093486044004,17.739571604966272,2017-08-01,-0.004064618,0.008356976000000009,-1.0,-1.0,0,-0.0,0.0,0.17430038000000003
64.06454710918842,15.001683636547265,2.4738382154398337,17.744158072427055,2017-08-02,0.006750234,-0.0010614299999999926,-1.0,-1.0,0,0.0,0.0,0.18105061400000003
64.22877944371149,14.84349544469669,2.7466210112716505,17.755740448731213,2017-08-03,0.002139796,0.01596513500000001,-1.0,-1.0,0,0.0,0.0,0.18319041000000003
64.38098438142683,14.345948709304462,3.3581621133993087,17.770017012342837,2017-08-04,-0.012708368999999999,0.01537163500000001,-1.0,-1.0,0,-0.0,0.0,0.17048204100000003
64.70942165029605,13.173658693542919,2.8035584879037323,17.767149450203487,2017-08-07,0.0028209000000000003,0.021788252000000008,-1.0,-1.0,0,0.0,0.0,0.17330294100000002
64.81007683548378,11.032707740908103,3.61429606973502,17.755560866416744,2017-08-08,-0.005544628999999999,0.033067844000000006,-1.0,-1.0,0,-0.0,0.0,0.16775831200000002
64.89829314892522,11.427725470679407,3.981619575287197,17.758539654196102,2017-08-09,0.0012727960000000005,0.033967406000000006,-1.0,-1.0,0,0.0,0.0,0.169031108
64.96901604193317,11.361277243340659,3.1634703144007634,17.725992623374054,2017-08-10,0.0014621670000000012,0.01766870800000001,-1.0,-1.0,0,0.0,0.0,0.17049327500000003
65.05593175696154,12.67645847244649,2.114349988840809,17.702054227875664,2017-08-11,0.006185035999999998,0.02443405800000001,-1.0,-1.0,0,0.0,0.0,0.17667831100000003
65.22152137919382,12.231713494575446,3.152980394363992,17.60397068838317,2017-08-14,-0.005566262999999999,0.02050600600000001,-1.0,-1.0,0,-0.0,0.0,0.17111204800000004
65.323448678001,9.69444548182554,4.3725579971547255,17.613753009709608,2017-08-15,-0.004767947000000002,0.019816064000000008,-1.0,-1.0,0,-0.0,0.0,0.16634410100000005
65.41973724732854,11.373995437685931,3.362297055185653,17.599473621069702,2017-08-16,0.004026719000000001,0.02919351000000001,-1.0,-1.0,0,0.0,0.0,0.17037082000000006
65.5745442384618,11.108747691013248,3.581385700027612,17.601551732481592,2017-08-17,-0.0053587379999999974,0.026106941000000012,-1.0,-1.0,0,-0.0,0.0,0.16501208200000006
65.71464228782526,10.692309334762744,3.7758746601200515,17.608087333759855,2017-08-18,0.00382266,0.022872722000000012,-1.0,-1.0,0,0.0,0.0,0.16883474200000007
66.0090797941629,10.537782430135014,3.5781313704680717,17.603502137448682,2017-08-21,0.006436467,0.01688721400000001,-1.0,-1.0,0,0.0,0.0,0.17527120900000007
66.06407236938836,9.93903637079643,3.5566771462254394,17.594578214330824,2017-08-22,-0.005915653000000001,0.017009386000000012,-1.0,-1.0,0,-0.0,0.0,0.16935555600000007
66.12739591929599,14.081283017779475,3.2157381685633624,17.551809725498345,2017-08-23,0.00539006,0.019756433000000014,-1.0,-1.0,0,0.0,0.0,0.17474561600000008
66.18406860453655,13.790164724034344,3.218564709074004,17.501621792091285,2017-08-24,-0.0012156630000000005,-0.009053347999999989,-1.0,-1.0,0,-0.0,0.0,0.17352995300000007
66.24446475030223,12.792783132080276,3.6897246514558053,17.477021961315003,2017-08-25,0.015972081000000003,-0.023025170999999987,-1.0,-1.0,0,0.0,0.0,0.18950203400000007
66.33028980681385,13.026163470697572,4.020034213567896,17.40339352631733,2017-08-28,0.0074356499999999985,-0.027086759999999988,-1.0,-1.0,0,0.0,0.0,0.19693768400000006
66.3543678841641,12.89644448168239,3.9829038915314574,17.39181377867301,2017-08-29,-0.0013965499999999988,-0.013338251999999986,-1.0,-1.0,0,-0.0,0.0,0.19554113400000006
66.42453813330158,11.773617631007689,5.731117809660377,17.43722577273593,2017-08-30,-0.009356635,-0.013137737999999987,-1.0,-1.0,0,-0.0,0.0,0.18618449900000006
66.49221004763653,11.828640124063135,5.009149782052607,17.433223924644892,2017-08-31,0.0032230910000000004,-0.01445620699999999,-1.0,-1.0,0,0.0,0.0,0.18940759000000007
66.64048941293257,10.336562262649963,5.437640940518147,17.4784562840221,2017-09-01,-0.007278610000000001,-0.018380459999999994,-1.0,-1.0,0,-0.0,0.0,0.18212898000000008
66.974727611338,10.13497667767587,5.232598824877723,17.618316281631433,2017-09-04,0.0043181960000000024,-0.018185347999999994,-1.0,-1.0,0,0.0,0.0,0.18644717600000008
67.01876725373997,10.353099662149297,3.982551981231437,17.646122617475115,2017-09-05,0.0022274,-0.023955720999999992,-1.0,-1.0,0,0.0,0.0,0.18867457600000007
67.04999071206684,10.092964145702734,3.60265184339414,17.649270347430104,2017-09-06,0.0008719879999999988,-0.03434340199999999,-1.0,-1.0,0,0.0,0.0,0.18954656400000006
67.05328682483703,11.440601122974186,2.0876332820361085,17.59692524851188,2017-09-07,0.012552388,-0.03549149899999999,-1.0,-1.0,0,0.0,0.0,0.20209895200000005
67.085299523776,11.165889578978984,2.5359494351083267,17.580882264384993,2017-09-08,0.002361729,-0.019882129999999987,-1.0,-1.0,0,0.0,0.0,0.20446068100000006
67.08591901153343,10.78868437041049,2.5990286002822067,17.492540509159085,2017-09-11,-0.010113662000000002,-0.01843977399999999,-1.0,-1.0,0,-0.0,0.0,0.19434701900000007
67.12728790925144,10.133887229421335,3.1357432815021955,17.45686367243364,2017-09-12,0.001199087,-0.011052867999999992,-1.0,-1.0,0,0.0,0.0,0.19554610600000005
67.15514048684332,10.007909056446566,2.9860314978040545,17.409790342803333,2017-09-13,-0.008695999,-0.015036063999999991,-1.0,-1.0,0,-0.0,0.0,0.18685010700000004
67.14616701862985,9.292931144708485,3.6999002300807184,17.341355832836996,2017-09-14,0.003336777,-0.020664856999999995,-1.0,-1.0,0,0.0,0.0,0.19018688400000006
67.12137779408664,12.210088370973,1.5020809735945022,17.212826496992932,2017-09-15,0.004018708000000001,-0.024617237999999996,-1.0,-1.0,0,0.0,0.0,0.19420559200000007
66.9807250538413,12.720586578851087,0.8717081791496408,16.81328050964082,2017-09-18,0.0007360910000000001,-0.024806268,-1.0,-1.0,0,0.0,0.0,0.19494168300000006
66.93977476105013,11.993135908153489,1.9455646157865,16.719382436352518,2017-09-19,0.003202248,-0.008822822000000001,-1.0,-1.0,0,0.0,0.0,0.19814393100000005
66.92215879337172,11.865684149066631,3.071461745760121,16.671024530371696,2017-09-20,-0.011901161,-0.017965517,-1.0,-1.0,0,-0.0,0.0,0.18624277000000006
66.89040562353529,10.03412723978209,4.43099492903694,16.682108326407686,2017-09-21,0.005512232000000001,-0.023163903,-1.0,-1.0,0,0.0,0.0,0.19175500200000006
66.91153638583296,15.457278223258092,7.5771239676517865,16.80948731606774,2017-09-22,0.0015313840000000007,-0.008689157999999999,-1.0,-1.0,0,0.0,0.0,0.19328638600000006
66.89035499374047,14.43759910198078,6.8792834996975145,17.11755445151502,2017-09-25,-0.0128377,0.0025935409999999996,-1.0,-1.0,0,-0.0,0.0,0.18044868600000005
66.85529758798629,15.15953400638383,6.079824381824388,17.16612068878497,2017-09-26,-0.006536173,-0.003374414,-1.0,-1.0,0,-0.0,0.0,0.17391251300000005
66.83566311799814,15.89872213752181,7.85403174052203,17.275572409203118,2017-09-27,-0.005458139000000001,-0.013287995,-1.0,-1.0,0,-0.0,0.0,0.16845437400000005
66.86221772059625,17.151032652920534,8.962716932047877,17.420191713857125,2017-09-28,0.004391873,-0.012547073,-1.0,-1.0,0,0.0,0.0,0.17284624700000004
66.89647659043304,16.131715462979212,8.157559614788198,17.549331152481713,2017-09-29,0.003423605,-0.0031930079999999985,-1.0,-1.0,0,0.0,0.0,0.17626985200000003
67.08242232433697,13.480040724991452,10.147390485952569,18.022299040803983,2017-10-02,-0.008597079000000002,-0.007287604999999997,-1.0,-1.0,0,-0.0,0.0,0.16767277300000002
67.25389625970203,13.331290483522954,9.772839506638428,18.231548262180727,2017-10-03,0.0003939429999999984,-0.005214480999999997,-1.0,-1.0,0,0.0,0.0,0.16806671600000003
67.42490678091109,10.853403955006751,10.634555061760869,18.463133190667648,2017-10-04,0.002422512,-0.004993109999999995,-1.0,-1.0,0,0.0,0.0,0.17048922800000002
67.60152766905134,10.102673062510725,10.808454503539224,18.69871150963085,2017-10-05,-0.004898385000000001,-0.006851244999999995,-1.0,-1.0,0,-0.0,0.0,0.16559084300000002
67.72973393761734,13.177534101463161,9.433144761123609,18.88346699941623,2017-10-06,0.002164707,-0.009739940999999997,-1.0,-1.0,0,0.0,0.0,0.16775555
68.00697713590499,13.667334343682699,9.614452328928444,19.383429474625565,2017-10-09,0.001213632,-0.015198105999999996,-1.0,-1.0,0,0.0,0.0,0.168969182
68.09339951749782,14.99188922003685,9.926989958355358,19.562109639940655,2017-10-10,0.005495706999999999,-0.014669280999999996,-1.0,-1.0,0,0.0,0.0,0.17446488899999998
68.19271059053543,14.906682388288806,9.906811523138128,19.748329479183184,2017-10-11,0.002641443,-0.012259125999999995,-1.0,-1.0,0,0.0,0.0,0.17710633199999998
68.29819881235575,14.931524060967185,10.103954457526669,19.980333401626282,2017-10-12,-0.001309093,-0.011592116999999996,-1.0,-1.0,0,-0.0,0.0,0.17579723899999997
68.41974422099302,15.420781422019289,9.4986611879626,20.175126649616413,2017-10-13,-0.0006464189999999997,-0.004323532999999996,-1.0,-1.0,0,-0.0,0.0,0.17515081999999996
68.66756312938354,14.738497177013516,9.221809865375368,20.673986286265688,2017-10-16,-0.001610085,-0.00041514299999999445,-1.0,-1.0,0,-0.0,0.0,0.17354073499999995
68.74170474201107,13.369094285606685,9.670184157860968,20.815254875233947,2017-10-17,-0.003216290000000001,-0.0035366999999999933,-1.0,-1.0,0,-0.0,0.0,0.17032444499999994
68.80689261273372,14.563447852420031,8.709205623041429,20.9198877749412,2017-10-18,0.003013217999999999,-0.007635014999999993,-1.0,-1.0,0,0.0,0.0,0.17333766299999995
68.85812509735118,14.011580045217464,8.475911991667099,21.0056986051806,2017-10-19,0.004082285,-0.0030868979999999946,-1.0,-1.0,0,0.0,0.0,0.17741994799999994
68.88790273379055,13.8557068009751,7.808247469162755,21.059738469402305,2017-10-20,-0.003630462999999999,0.0005922080000000055,-1.0,-1.0,0,-0.0,0.0,0.17378948499999994
68.88676960204765,13.07586932873502,7.734331460944508,21.187979547113162,2017-10-23,-0.003667002,0.0023327830000000062,-1.0,-1.0,0,-0.0,0.0,0.17012248299999994
68.91321896184454,12.010766260714163,8.21053797090161,21.246782609164256,2017-10-24,0.001637045,-0.003151712999999993,-1.0,-1.0,0,0.0,0.0,0.17175952799999994
68.96964957488797,7.773465358095013,12.49213683099013,21.456033391948907,2017-10-25,0.004746525999999999,0.0055968780000000065,-1.0,-1.0,0,0.0,0.0,0.17650605399999994
69.05614450314593,8.339935035843887,12.729722842785106,21.70784138417559,2017-10-26,-0.011426094,0.012231768000000006,-1.0,-1.0,0,-0.0,0.0,0.16507995999999994
69.14818182875314,6.5660198843880435,13.822449504373171,21.989997158115887,2017-10-27,-0.005521707999999999,0.0047428430000000035,-1.0,-1.0,0,-0.0,0.0,0.15955825199999996
69.39561658368919,7.391196937717585,14.51216646033087,22.772217278891286,2017-10-30,0.004164527,0.004391942000000003,-1.0,-1.0,0,0.0,0.0,0.16372277899999996
69.51142262774337,5.989242388493808,13.48264712452086,23.02350038604834,2017-10-31,0.0007569860000000001,0.013242015000000005,-1.0,-1.0,0,0.0,0.0,0.16447976499999994
69.63356892263411,5.767157702165053,13.622130853736913,23.226246206278702,2017-11-01,-0.0037006540000000007,0.009627572000000004,-1.0,-1.0,0,-0.0,0.0,0.16077911099999995
69.77578308294451,5.541143054362947,13.726144727321234,23.42151569190381,2017-11-02,0.004495636,0.010814851000000004,-1.0,-1.0,0,0.0,0.0,0.16527474699999994
69.95358938124454,5.514725999821124,13.84504915042769,23.60934191370471,2017-11-03,-0.004677013999999999,0.005673743000000004,-1.0,-1.0,0,-0.0,0.0,0.16059773299999994
70.363828940389,6.150910816262432,13.682341534063509,24.09208917094789,2017-11-06,0.000306572,0.0042552570000000045,-1.0,-1.0,0,0.0,0.0,0.16090430499999994
70.47074384045715,5.952501474853373,13.39750561339203,24.224418232962012,2017-11-07,-0.0016750640000000008,0.0011963530000000057,-1.0,-1.0,0,-0.0,0.0,0.15922924099999994
70.5757039567339,5.934207553057486,13.2879120363269,24.35002541014326,2017-11-08,3.754199999999989e-05,-0.0019243869999999936,-1.0,-1.0,0,0.0,0.0,0.15926678299999994
70.65755182950384,6.376891054473324,12.165816625617516,24.418833495968016,2017-11-09,0.0031702679999999995,-0.002879913999999993,-1.0,-1.0,0,0.0,0.0,0.16243705099999994
70.7391468173447,6.2116666391872775,11.82415351351874,24.4628045817595,2017-11-10,0.001101062,-0.006949384999999993,-1.0,-1.0,0,0.0,0.0,0.16353811299999996
70.88089850354487,6.130496371171668,11.38828546530194,24.543123652457524,2017-11-13,2.0590000000000015e-05,-0.003086723999999992,-1.0,-1.0,0,0.0,0.0,0.16355870299999994
70.9376286084337,6.902684438346556,11.434558196072798,24.554039494600506,2017-11-14,0.005658499,-0.007091181999999993,-1.0,-1.0,0,0.0,0.0,0.16921720199999996
70.97021108626653,7.258167319906322,10.751312365607287,24.544969732024754,2017-11-15,0.0006921000000000001,-0.009631159999999993,-1.0,-1.0,0,0.0,0.0,0.16990930199999996
71.00792869409094,5.310517188782483,11.990999108341288,24.581962889655408,2017-11-16,-0.00010833899999999997,-0.005073448999999992,-1.0,-1.0,0,-0.0,0.0,0.16980096299999994
71.05623828035922,2.7138774587106145,13.70775557428674,24.695352916095292,2017-11-17,-1.6030000000000085e-05,-0.0027644989999999914,-1.0,-1.0,0,-0.0,0.0,0.16978493299999994
71.14677804440271,2.6713615871680645,12.855289940069687,24.95475687804111,2017-11-20,0.0009176539999999998,0.0013441530000000092,-1.0,-1.0,0,0.0,0.0,0.17070258699999993
71.17846954492094,2.2261402618530344,12.9259752978157,25.02652332788911,2017-11-21,1.210400000000014e-05,-0.002878725999999991,-1.0,-1.0,0,0.0,0.0,0.17071469099999995
71.19393588198011,3.0305467206664574,12.332912982548766,25.071921115760613,2017-11-22,0.0033776200000000004,-0.002599831999999992,-1.0,-1.0,0,0.0,0.0,0.17409231099999994
71.2736460496729,9.963528279486264,16.24922981876992,25.256190320809765,2017-11-23,-0.0007379700000000001,7.767100000000775e-05,-1.0,-1.0,0,-0.0,0.0,0.17335434099999994
71.34680320030023,11.289489585951689,15.68909192113375,25.40576686025544,2017-11-24,-0.002677503,-0.0012645089999999927,-1.0,-1.0,0,-0.0,0.0,0.17067683799999994
71.48972023887488,8.095688505911408,16.0638786963927,25.805600867990638,2017-11-27,0.0011131820000000003,0.006474638000000008,-1.0,-1.0,0,0.0,0.0,0.17179001999999993
71.52998527706329,7.834149320676727,15.919484030324108,25.933817739965328,2017-11-28,-0.003324398000000001,0.006068553000000009,-1.0,-1.0,0,-0.0,0.0,0.16846562199999993
71.62282078750772,6.659963131902168,15.436970040604406,26.03784448642753,2017-11-29,0.0004060849999999999,0.0009191340000000081,-1.0,-1.0,0,0.0,0.0,0.16887170699999993
71.69083207897248,4.637753126366557,13.435233148052824,25.99185004883502,2017-11-30,0.0051494190000000006,3.794100000000802e-05,-1.0,-1.0,0,0.0,0.0,0.17402112599999991
71.85835266550818,4.413842584815344,14.437349447815652,25.992373022693556,2017-12-01,0.0008811930000000001,0.003212450400000007,-1.0,-1.0,0,0.0,0.0,0.17490231899999992
72.21500548601206,3.5609980729754245,14.4360552899716,25.980956649819788,2017-12-04,-0.003489734999999999,0.007892819680000007,-1.0,-1.0,0,-0.0,0.0,0.17141258399999992
72.32939480966084,3.7916656502871326,13.429822384157925,25.95748873799883,2017-12-05,-0.0048345359999999995,0.011184321870000007,-1.0,-1.0,0,-0.0,0.0,0.16657804799999992
72.43088274306024,4.023635724084574,13.35480187848445,25.940120753904747,2017-12-06,-0.00309355,0.014497996120000004,-1.0,-1.0,0,-0.0,0.0,0.16348449799999992
72.51242377068401,2.6268912818278665,12.43177677526271,25.887534239113027,2017-12-07,-0.003021361999999999,0.014467188540000004,-1.0,-1.0,0,-0.0,0.0,0.16046313599999992
72.6226418190371,2.410615761445854,14.357727306125028,25.96460897233956,2017-12-08,4.9528000000000296e-05,0.014650434480000004,-1.0,-1.0,0,0.0,0.0,0.16051266399999992
72.82686468219555,2.4577362010392427,13.304721331801007,26.1199560938105,2017-12-11,0.00014553500000000067,0.018675618360000003,-1.0,-1.0,0,0.0,0.0,0.16065819899999992
72.88863833652466,1.1452967750653062,14.185778715466235,26.14655068473958,2017-12-12,-0.004048881,0.00924916171,-1.0,-1.0,0,-0.0,0.0,0.15660931799999991
72.93492695257953,2.8700033979863364,13.122590617566777,26.1086110534513,2017-12-13,0.00952116,0.01276372746,-1.0,-1.0,0,0.0,0.0,0.16613047799999991
73.08991581272514,4.12541472496725,17.63080285372405,26.232265022257717,2017-12-14,-0.0033123580000000005,0.01537842707,1.0,-1.0,0,-0.0,0.0,0.16281811999999993
73.25921393036147,4.39248384588714,17.113049957217992,26.31693293832436,2017-12-15,-0.0026483170000000003,0.01104782742,1.0,-1.0,0,-0.0,0.0,0.16016980299999992
73.65895617689958,3.158110075961225,17.674349264277726,26.560491392976488,2017-12-18,0.0045416810000000005,0.00786017933,1.0,-0.9047619047619048,0,0.0,0.0,0.1647114839999999
73.81687975571134,1.6847124891085716,18.245143772299837,26.686480096541253,2017-12-19,0.003226604,0.0038934031599999986,1.0,-0.8095238095238095,0,0.0,0.0,0.1679380879999999
73.94982224834425,1.7139264162016197,17.986687420932782,26.80449587021728,2017-12-20,0.004120756000000001,0.005116369509999999,1.0,-0.7142857142857143,0,0.0,0.0,0.1720588439999999
74.08365395111333,2.639867845456932,17.411339606002407,26.90674728189981,2017-12-21,-0.0008452589999999999,0.00579198449,1.0,-0.6190476190476191,0,-0.0,0.0,0.17121358499999992
74.26548379615245,0.7111508766113523,19.433305967972558,27.07480333328012,2017-12-22,-0.00045907600000000097,0.00571764897,1.0,-0.5238095238095238,0,-0.0,0.0,0.17075450899999992
74.66044175011405,0.8400139596346037,18.658269944146664,27.49436608200969,2017-12-25,0.0,0.00595346898,1.0,-0.42857142857142855,0,0.0,0.0,0.17075450899999992
74.75518749476939,0.9367213214552184,18.683343320260228,27.616025746380853,2017-12-26,-0.0002289980000000001,0.00121445242,1.0,-0.3333333333333333,0,-0.0,0.0,0.1705255109999999
74.83303572688506,1.1039186541904975,18.436014208677424,27.729188456360568,2017-12-27,0.004414749,0.00135863232,1.0,-0.23809523809523808,0,0.0,0.0,0.1749402599999999
74.88693190106893,1.2968028003867254,18.343410708298237,27.83038203614475,2017-12-28,0.0,0.00111553553,1.0,-0.14285714285714285,0,0.0,0.0,0.1749402599999999
74.9291195664507,1.323836476335055,18.106934041785873,27.926666789851524,2017-12-29,0.0,0.00114262334,1.0,-0.047619047619047616,0,0.0,0.0,0.1749402599999999
74.26618828584968,-2.851563487595365,6.615864128526298,27.62210023093513,2018-02-28,0.0,0.00138171097,-1.0,0.047619047619047616,1,0.0,0.0,0.1749402599999999
74.20768217938914,-4.752656527491542,7.681017681855782,27.39894412891795,2018-03-01,-0.0003152256,0.00161370691,-1.0,0.14285714285714285,1,-0.0003152256,-0.0003152256,0.1746250343999999
74.16824313459679,-4.803452604067156,7.8619142292390665,27.21597654431005,2018-03-02,-0.00015416671999999998,0.0015225826199999999,-1.0,0.14285714285714285,1,-0.00015416671999999998,-0.00046939232000000003,0.17447086767999992
73.9921216841542,-6.1943534365674005,7.346627844941662,26.70498756668573,2018-03-05,0.00019795218999999996,0.00121668285,-1.0,0.14285714285714285,1,0.00019795218999999996,-0.0002714401300000001,0.1746688198699999
73.90731495955791,-6.0615859381069255,7.22198607186013,26.55033961970241,2018-03-06,0.00029231224999999995,0.0010518232100000002,-1.0,0.14285714285714285,1,0.00029231224999999995,2.087211999999986e-05,0.17496113211999992
73.80103489362456,-6.640110282727162,7.646085268059673,26.40481161560234,2018-03-07,1.8720419999999992e-05,0.0008674792200000003,-1.0,0.14285714285714285,1,1.8720419999999992e-05,3.959253999999985e-05,0.17497985253999992
73.7325647970012,-6.920438296501459,7.7219755283917495,26.459072772589714,2018-03-08,0.00032878093999999986,0.0010283522900000003,-1.0,0.14285714285714285,1,0.00032878093999999986,0.0003683734799999997,0.17530863347999992
73.66671840152333,-10.651043590752334,8.516005592493638,26.536876748121212,2018-03-09,-2.369712000000001e-05,0.0008323435500000003,-1.0,0.14285714285714285,1,-2.369712000000001e-05,0.00034467635999999973,0.17528493635999992
73.40942968163445,-10.033052932003354,8.34371084554559,26.71992032392177,2018-03-12,9.470334999999996e-05,0.0005846289700000004,-1.0,0.14285714285714285,1,9.470334999999996e-05,0.0004393797099999997,0.17537963970999992
73.29533567828555,-9.664328439968356,8.485532199790574,26.759700705537824,2018-03-13,0.00020220775000000002,0.0007549183600000003,-1.0,0.14285714285714285,1,0.00020220775000000002,0.0006415874599999998,0.1755818474599999
73.18578665737809,-9.555945002731317,7.649051405624797,26.827935100837212,2018-03-14,-3.361738999999998e-05,0.0005438367000000004,-1.0,0.14285714285714285,1,-3.361738999999998e-05,0.0006079700699999998,0.17554823006999992
73.07550344055865,-9.625207909447862,7.841832742624637,26.90141767985682,2018-03-15,0.00021108135,0.0006718067400000005,-1.0,0.047619047619047616,1,0.00021108135,0.0008190514199999998,0.17575931141999993
72.97571655410631,-11.062764077574696,8.94953044958471,27.00841220844737,2018-03-16,3.895591000000001e-05,0.0005413881400000005,-1.0,-0.047619047619047616,0,0.0,0.0008190514199999998,0.17579826732999992
72.59967439088211,-10.54490625645027,8.795837123752234,27.270614767414198,2018-03-19,0.00015397983000000001,0.00015021449000000042,-1.0,-0.14285714285714285,0,0.0,0.0008190514199999998,0.17595224715999994
72.43763128117831,-11.232804934207676,8.062808634568631,27.318273818925405,2018-03-20,0.00037770735000000003,4.152848000000048e-05,-1.0,-0.23809523809523808,0,0.0,0.0008190514199999998,0.17632995450999994
72.2733506808827,-11.031562451638598,8.162225181464152,27.355879461740642,2018-03-21,0.00021653897999999997,0.0003154544500000005,-1.0,-0.3333333333333333,0,0.0,0.0008190514199999998,0.17654649348999993
72.07699418139458,-14.44200463764782,5.917382593381365,27.303936353293352,2018-03-22,-7.433552000000002e-05,0.0005773854900000005,1.0,-0.42857142857142855,0,-0.0,0.0008190514199999998,0.17647215796999993
71.89791843877168,-15.734752553523574,7.281975947225511,27.284895415246353,2018-03-23,6.822009999999997e-06,0.0008147106500000004,1.0,-0.5238095238095238,0,0.0,0.0008190514199999998,0.17647897997999992
71.32711593511648,-14.738664432256035,7.545698087689843,27.21251793267621,2018-03-26,-0.00032426756000000003,0.0009164726500000005,1.0,-0.5238095238095238,0,-0.0,0.0008190514199999998,0.17615471241999991
71.13587099291856,-14.617461641094177,7.280945885815225,27.168970719380354,2018-03-27,0.00014417989999999998,0.0013535858900000006,1.0,-0.5238095238095238,0,0.0,0.0008190514199999998,0.17629889231999993
70.94648061669687,-14.909290045916894,7.615005380674568,27.12791269382248,2018-03-28,-0.00024309679000000006,0.0015605957700000005,1.0,-0.5238095238095238,0,-0.0,0.0008190514199999998,0.17605579552999992
70.75945674384279,-14.862093683943039,7.512302091205928,27.085207568303503,2018-03-29,2.7087810000000016e-05,0.0014594621100000006,1.0,-0.5238095238095238,0,0.0,0.0008190514199999998,0.1760828833399999
70.56582044290862,-14.61173266794711,7.45892658104641,27.03852128726595,2018-03-30,-7.613796999999998e-05,0.0010839122600000005,1.0,-0.5238095238095238,0,-0.0,0.0008190514199999998,0.1760067453699999
69.97629876161261,-13.536898934394545,6.114965392490916,26.769662695001216,2018-04-02,7.782921999999999e-05,0.0008483388100000006,1.0,-0.42857142857142855,0,0.0,0.0008190514199999998,0.1760845745899999
69.79581169418847,-13.629336925960288,5.73177523563249,26.651546963720733,2018-04-03,0.00010682790000000001,0.0009715620000000006,1.0,-0.3333333333333333,0,0.0,0.0008190514199999998,0.1761914024899999
69.64021357794229,-14.202822604467721,5.045270863761112,26.502053126902556,2018-04-04,-1.3587519999999996e-05,0.0010463877800000005,1.0,-0.23809523809523808,0,-0.0,0.0008190514199999998,0.1761778149699999
69.4441426997343,-14.662419015294535,3.7079263863347687,26.279257167117773,2018-04-05,-0.00014613921999999998,0.0010100977900000005,-1.0,-0.14285714285714285,0,-0.0,0.0008190514199999998,0.1760316757499999
69.2206918024547,-13.70475006184926,1.857318918418928,25.98462216976907,2018-04-06,0.00014443695000000004,0.0006626955800000004,-1.0,-0.047619047619047616,0,0.0,0.0008190514199999998,0.1761761126999999
68.50626452797685,-14.01227312181656,1.0109942554235118,25.134137982925445,2018-04-09,0.00013717594999999999,0.0007271044900000004,-1.0,-0.047619047619047616,0,0.0,0.0008190514199999998,0.1763132886499999
68.25248510938158,-13.721000354492952,0.2797802395579119,24.824149739913736,2018-04-10,-0.00010130539000000001,0.0008640325200000005,-1.0,-0.047619047619047616,0,-0.0,0.0008190514199999998,0.1762119832599999
68.00566757065758,-13.463024323481722,0.5244698037098718,24.511621903381386,2018-04-11,-4.550683000000002e-05,0.0006871525400000005,-1.0,-0.047619047619047616,0,-0.0,0.0008190514199999998,0.17616647642999989
67.75413341554011,-12.901897443992437,-0.04308489592258269,24.171322971818935,2018-04-12,0.00013667200000000004,0.0006330373200000004,-1.0,-0.047619047619047616,0,0.0,0.0008190514199999998,0.1763031484299999
67.47939536304511,-12.09376638552216,-0.4143640979506831,23.732242055276398,2018-04-13,-3.1000000000135737e-10,0.0007502314400000003,-1.0,-0.047619047619047616,0,-0.0,0.0008190514199999998,0.1763031481199999
66.64286246548605,-11.177887227011905,-0.4772866696218046,22.4989227309824,2018-04-16,0.00016692595000000006,0.0007583344400000002,-1.0,-0.047619047619047616,0,0.0,0.0008190514199999998,0.1764700740699999
66.35792205118639,-13.409895396483519,0.2531556341184551,22.11970334176283,2018-04-17,2.3561229999999986e-05,0.0007153220600000003,-1.0,-0.047619047619047616,0,0.0,0.0008190514199999998,0.1764936352999999
66.03803468600779,-13.213371124847148,-0.7941862064246621,21.71539034441119,2018-04-18,-1.3466300000000007e-05,0.0005208355600000003,-1.0,-0.047619047619047616,0,-0.0,0.0008190514199999998,0.1764801689999999
65.71907767522985,-13.052510447757607,-0.7784855315559387,21.321431498518532,2018-04-19,0.00010785297000000002,0.00040257851000000035,-1.0,-0.047619047619047616,0,0.0,0.0008190514199999998,0.1765880219699999
65.40126613529574,-12.864889241698913,-0.9808086993570536,20.932246567525173,2018-04-20,0.00019959045,7.903265000000031e-05,-1.0,-0.047619047619047616,0,0.0,0.0008190514199999998,0.1767876124199999
64.44738577584317,-11.784243604213707,0.7228076833961836,19.918082685909525,2018-04-23,0.00026875305,-0.00010018689999999981,-1.0,-0.047619047619047616,0,0.0,0.0008190514199999998,0.1770563654699999
64.08711738829317,-14.011694917311326,1.6971040132892217,19.679608073566673,2018-04-24,-8.69424e-05,-0.00028031685999999983,-1.0,-0.14285714285714285,0,-0.0,0.0008190514199999998,0.17696942306999988
63.73325854120714,-13.809280437554051,1.6753482991679383,19.448910078666014,2018-04-25,0.00024594190000000004,-0.0007238989799999999,-1.0,-0.23809523809523808,0,0.0,0.0008190514199999998,0.17721536496999987
63.37835360918714,-13.432879478170472,1.4214973318421738,19.219364769055343,2018-04-26,0.00019401645,-0.00105645164,-1.0,-0.3333333333333333,0,0.0,0.0008190514199999998,0.17740938141999987
63.02797057263688,-14.986286592384387,2.2849891643358564,19.02383714086247,2018-04-27,0.00023409769000000004,-0.0011669217,-1.0,-0.42857142857142855,0,0.0,0.0008190514199999998,0.17764347910999986
61.97354347961877,-14.246346867149933,2.2831361752580057,18.413002625637606,2018-04-30,-0.00017727163,-0.00082674475,-1.0,-0.5238095238095238,0,-0.0,0.0008190514199999998,0.17746620747999986
61.587674117085704,-13.173528003140287,1.7444969193242752,18.141727927536408,2018-05-01,-0.00029772063000000005,-0.0007836176199999999,-1.0,-0.6190476190476191,0,-0.0,0.0008190514199999998,0.17716848684999986
61.18002872096856,-13.305773572147436,1.980083835736444,17.898954459759718,2018-05-02,-0.00012874555,-0.00110362513,-1.0,-0.7142857142857143,0,-0.0,0.0008190514199999998,0.17703974129999986
60.7659656053537,-14.834475037066955,0.7776367118357328,17.598720230646702,2018-05-03,0.00010963567,-0.0009680020200000001,-1.0,-0.8095238095238095,0,0.0,0.0008190514199999998,0.17714937696999986
60.33493860955432,-15.618811309109066,-0.6667266421617217,17.258199085353567,2018-05-04,-7.131344e-05,-0.00102277966,-1.0,-0.9047619047619048,0,-0.0,0.0008190514199999998,0.17707806352999986
59.0862031485705,-15.60022881529926,-0.9838475629271032,16.287867053558386,2018-05-07,0.00010814696000000003,-0.0006032885900000001,-1.0,-1.0,0,0.0,0.0008190514199999998,0.17718621048999986
58.68632314789625,-15.356796617989206,-1.175551890397804,15.991261928156831,2018-05-08,-0.00021022626,-0.0004921612900000002,-1.0,-1.0,0,-0.0,0.0008190514199999998,0.17697598422999986
58.29000773179205,-15.591873093115947,-1.454251258118607,15.688547158853225,2018-05-09,-3.6896479999999987e-05,-0.0005994314200000003,-1.0,-1.0,0,-0.0,0.0008190514199999998,0.17693908774999986
57.89281916136997,-13.839478305203679,-1.9842819307112247,15.36840877496991,2018-05-10,9.14212e-05,-0.0006105264100000003,-1.0,-1.0,0,0.0,0.0008190514199999998,0.17703050894999986
57.56413915986314,-13.827716845198825,-1.9664724224973216,15.067086485279505,2018-05-11,-4.020798e-05,-0.00042004468000000027,-1.0,-1.0,0,-0.0,0.0008190514199999998,0.17699030096999985
56.60238516513712,-13.292337913762696,-1.7435804738341112,14.233665758463786,2018-05-14,-5.411553000000001e-05,-0.0007238202400000003,-1.0,-1.0,0,-0.0,0.0008190514199999998,0.17693618543999984
56.2549438815475,-13.744690146961851,-2.0531266950236287,13.943804954741724,2018-05-15,0.00028412007,-0.0015346565200000002,-1.0,-1.0,0,0.0,0.0008190514199999998,0.17722030550999984
55.9080375196495,-12.650321383982684,-3.0974078547024586,13.607482470128984,2018-05-16,3.1664229999999996e-05,-0.00135238194,-1.0,-1.0,0,0.0,0.0008190514199999998,0.17725196973999985
55.57693517492442,-12.836551142507274,-2.794033076704588,13.306426435238992,2018-05-17,-5.6478680000000024e-05,-0.0012262921699999999,-1.0,-1.0,0,-0.0,0.0008190514199999998,0.17719549105999985
55.257442246818286,-12.675797084029794,-2.98774474902884,13.01040931578416,2018-05-18,-8.663353e-05,-0.00143869354,-1.0,-1.0,0,-0.0,0.0008190514199999998,0.17710885752999986
54.31690768805561,-12.240203389245936,-3.027411676519252,12.187297018270812,2018-05-21,8.133339999999998e-05,-0.0014234783999999999,-1.0,-1.0,0,0.0,0.0008190514199999998,0.17719019092999985
54.0093797355065,-12.091774365465335,-2.964806318900333,11.932313150439965,2018-05-22,-5.479281000000004e-05,-0.0010350926799999997,-1.0,-1.0,0,-0.0,0.0008190514199999998,0.17713539811999984
53.655352391065776,-15.345943065851793,-5.556016693790729,11.588277597072251,2018-05-23,-0.0002661619500000001,-0.0009325418999999997,-1.0,-1.0,0,-0.0,0.0008190514199999998,0.17686923616999983
53.304519533221814,-14.754584310489856,-5.55988225681269,11.253931340851665,2018-05-24,6.581194000000002e-05,-0.0008095811099999996,-1.0,-1.0,0,0.0,0.0008190514199999998,0.17693504810999983
52.91052940046607,-15.214360942071345,-4.837742236220587,10.956717093707056,2018-05-25,-0.0002495656700000001,-0.0007077794199999996,-1.0,-1.0,0,-0.0,0.0008190514199999998,0.17668548243999982
51.77423909980664,-14.616261017075749,-4.504217495059258,10.137519150346947,2018-05-28,-9.845497000000006e-05,-0.0007342580599999998,-1.0,-1.0,0,-0.0,0.0008190514199999998,0.17658702746999982
51.42215075155818,-14.952566695259485,-4.45350509728404,9.882403967187626,2018-05-29,-0.00028774168999999995,-0.0007659030899999998,-1.0,-1.0,0,-0.0,0.0008190514199999998,0.17629928577999981
51.05817098518572,-14.878985886705165,-5.280700305920538,9.602024336048713,2018-05-30,4.245631999999997e-05,-0.0002340148499999999,1.0,-1.0,0,0.0,0.0008190514199999998,0.1763417420999998
50.749767362537916,-15.016779273879633,-4.148804588343973,9.428217353358207,2018-05-31,-8.561841999999998e-05,-0.00042281298,1.0,-1.0,0,-0.0,0.0008190514199999998,0.17625612367999982
50.42822043932551,-16.00592627401751,-3.479595808364216,9.288342774927061,2018-06-01,-0.00021037184,-0.00044959160000000004,1.0,-0.9047619047619048,0,-0.0,0.0008190514199999998,0.17604575183999982
49.47804275275946,-15.771207440811848,-3.9223094716656206,8.857518370156129,2018-06-04,6.430966999999999e-05,-0.00051189541,1.0,-0.8095238095238095,0,0.0,0.0008190514199999998,0.17611006150999983
49.1483604734585,-16.630898296515525,-3.6940032423987614,8.713417348148596,2018-06-05,5.336931999999998e-05,-0.0005997991300000002,1.0,-0.7142857142857143,0,0.0,0.0008190514199999998,0.17616343082999983
48.829490501702615,-16.655435732666547,-3.3172329982936883,8.576803384498504,2018-06-06,0.00020926481,-0.0004713657100000002,1.0,-0.6190476190476191,0,0.0,0.0008190514199999998,0.17637269563999983
48.5104290614393,-17.957301431071187,-4.222377952650874,8.409581854810824,2018-06-07,7.423081999999999e-05,-0.00045196842000000024,1.0,-0.5238095238095238,0,0.0,0.0008190514199999998,0.17644692645999982
48.17394259718978,-18.753983310222058,-5.822414631252696,8.197211882843362,2018-06-08,-1.5848929999999985e-05,-0.00040422200000000025,1.0,-0.42857142857142855,0,-0.0,0.0008190514199999998,0.1764310775299998
47.22287800453898,-18.298056293107955,-5.978061026432041,7.594044830869336,2018-06-11,-5.130297000000001e-05,-0.0007701538500000003,1.0,-0.3333333333333333,0,-0.0,0.0008190514199999998,0.1763797745599998
46.92485013375892,-19.24784885265924,-5.568348097834921,7.393184101835287,2018-06-12,0.0001363662,-0.0007701293000000004,1.0,-0.23809523809523808,0,0.0,0.0008190514199999998,0.1765161407599998
46.5973017673799,-19.255879312644502,-5.717096078099103,7.195216588159583,2018-06-13,-1.9655489999999977e-05,9.060439999999595e-06,1.0,-0.14285714285714285,0,-0.0,0.0008190514199999998,0.1764964852699998
46.263555970823994,-20.499501793750927,-4.252367624162142,6.960670578742565,2018-06-14,-0.00077917205,-0.00020756506000000038,1.0,-0.047619047619047616,0,-0.0,0.0008190514199999998,0.1757173132199998
45.95751450895929,-20.027436977345022,-4.447536340840943,6.71967923906567,2018-06-15,0.00012579589999999998,-6.337897000000041e-05,1.0,0.047619047619047616,1,0.00012579589999999998,0.0009448473199999998,0.1758431091199998
45.112663907096405,-18.83761752507137,-4.301200550956189,6.132128357988363,2018-06-18,3.945624000000004e-05,0.00012133183999999966,1.0,0.14285714285714285,1,3.945624000000004e-05,0.0009843035599999999,0.17588256535999983
44.85231931307976,-18.527559962441114,-4.25676208675641,5.973108113617144,2018-06-19,-0.00013106797000000007,0.00015554044999999968,1.0,0.23809523809523808,1,-0.00013106797000000007,0.0008532355899999999,0.17575149738999982
44.59738337585246,-18.284500369747267,-4.145077128926418,5.826108170275745,2018-06-20,-3.957767000000001e-05,-0.00023238848000000034,1.0,0.3333333333333333,1,-3.957767000000001e-05,0.0008136579199999999,0.1757119197199998
44.34767807356153,-17.72907879118888,-4.26925538897846,5.676975570681408,2018-06-21,0.00012222377000000004,-0.0002921794800000003,1.0,0.42857142857142855,1,0.00012222377000000004,0.0009358816899999999,0.17583414348999982
44.06724354157862,-13.148836578220852,-3.619298357316433,5.5551870498621545,2018-06-22,0.00016836271999999994,-0.0001441825500000003,1.0,0.5238095238095238,1,0.00016836271999999994,0.0011042444099999998,0.17600250620999983
43.209673670397464,-12.89932696847361,-3.317057151539821,5.23469592336599,2018-06-25,-0.00012660488,-0.0002917113200000003,1.0,0.6190476190476191,1,-0.00012660488,0.0009776395299999998,0.17587590132999983
42.915178511298976,-12.795554698944581,-3.2373871134149836,5.169057105622073,2018-06-26,3.3467199999999883e-06,0.00032569435999999977,1.0,0.7142857142857143,1,3.3467199999999883e-06,0.0009809862499999997,0.17587924804999983
42.620674478165604,-11.673952653158992,-3.2500582471936568,5.1031891570659695,2018-06-27,-0.00031422033,0.00025228027999999977,1.0,0.8095238095238095,1,-0.00031422033,0.0006667659199999997,0.17556502771999982
42.31281316217931,-10.615604204886887,-3.740386961719432,5.019956624334469,2018-06-28,1.0811289999999963e-05,-0.00036699540000000025,1.0,0.9047619047619048,1,1.0811289999999963e-05,0.0006775772099999997,0.17557583900999982
42.01742937889559,-10.177862455823831,-2.8295824174986475,4.964758144487433,2018-06-29,0.00044626981999999993,9.273426999999976e-05,1.0,1.0,1,0.00044626981999999993,0.0011238470299999995,0.17602210882999983
41.121449510924506,-11.250703980156343,-0.95149672270429,4.8656902983098576,2018-07-02,-0.00039916997,0.0001551393999999998,1.0,1.0,1,-0.00039916997,0.0007246770599999995,0.17562293885999983
40.80699755257774,-11.814421303731365,-0.6650904426330104,4.89886087996635,2018-07-03,3.7531049999999967e-05,0.0004275544899999998,1.0,1.0,1,3.7531049999999967e-05,0.0007622081099999995,0.17566046990999984
40.4603598697184,-11.593661951430464,-0.5086456411029712,4.945585540516419,2018-07-04,-8.934490000000024e-06,0.0003763743699999999,1.0,1.0,1,-8.934490000000024e-06,0.0007532736199999994,0.17565153541999984
40.142885898626155,-11.013295594060306,-0.11592718812898185,5.006459541007331,2018-07-05,0.00012136108999999993,0.00022417744999999987,1.0,1.0,1,0.00012136108999999993,0.0008746347099999993,0.17577289650999983
39.85138935696514,-9.851725515211081,1.054473750004142,5.108052396186594,2018-07-06,0.00020266423999999999,-2.407650000000119e-06,1.0,1.0,1,0.00020266423999999999,0.0010772989499999992,0.17597556074999984
39.00349025039456,-9.112797063816194,2.239133756838912,5.421156393020596,2018-07-09,3.5483600000000008e-06,6.21833099999999e-05,1.0,1.0,1,3.5483600000000008e-06,0.0010808473099999992,0.17597910910999984
38.69968288200639,-10.3569820625713,1.7388770902184358,5.525703224464053,2018-07-10,-3.556550000000019e-06,-1.7934920000000113e-05,1.0,1.0,1,-3.556550000000019e-06,0.0010772907599999992,0.17597555255999983
38.4038543089629,-10.261192242649301,1.9500356860647443,5.636158726540742,2018-07-11,-0.00022956565,-0.0004178731700000001,1.0,1.0,1,-0.00022956565,0.0008477251099999993,0.17574598690999982
38.12378072266922,-10.51075706217979,2.199933414513996,5.726453428313391,2018-07-12,-1.9630940000000005e-05,-0.0004416289600000001,1.0,1.0,1,-1.9630940000000005e-05,0.0008280941699999992,0.17572635596999983
37.842385013476076,-10.313560000526095,2.085858708638792,5.816909530778504,2018-07-13,1.7689999999972893e-08,-0.00016026928000000007,1.0,1.0,1,1.7689999999972893e-08,0.0008281118599999992,0.17572637365999982
36.97979055816909,-10.498549905898043,2.308646368387695,6.047423235051498,2018-07-16,-9.08296e-05,-0.00017481160000000007,1.0,1.0,1,-9.08296e-05,0.0007372822599999993,0.17563554405999982
36.6898664234096,-9.954169037578296,2.019600950798363,6.107211321949477,2018-07-17,0.00018364233,-0.0001202597600000001,1.0,1.0,1,0.00018364233,0.0009209245899999993,0.17581918638999983
36.38970188889597,-8.235608958503605,-0.7153445691767573,6.073389600493242,2018-07-18,5.3642840000000004e-05,0.00011523477999999987,1.0,1.0,1,5.3642840000000004e-05,0.0009745674299999993,0.17587282922999983
36.09598413583306,-8.7582917333489,-0.32551692589059833,6.0534928144474245,2018-07-19,-5.3690599999999845e-06,0.0005717432299999998,1.0,1.0,1,-5.3690599999999845e-06,0.0009691983699999994,0.17586746016999982
35.81332018909472,-8.687863997861037,0.1811409538529265,6.055145811616143,2018-07-20,-0.00026570516,0.0004185007099999999,1.0,1.0,1,-0.00026570516,0.0007034932099999994,0.17560175500999983
34.999978623646,-8.600730821900349,0.2953745195346684,6.036017223661248,2018-07-23,0.00010857171999999998,0.00031437355,1.0,1.0,1,0.00010857171999999998,0.0008120649299999994,0.17571032672999984
34.71222004840047,-8.972035498063114,0.4608113258538733,6.0237300756421925,2018-07-24,2.1392049999999974e-05,0.00046555323999999997,1.0,1.0,1,2.1392049999999974e-05,0.0008334569799999993,0.17573171877999985
34.380294809740434,-7.9831438635269825,-0.025540527534724692,5.9945243852281465,2018-07-25,-0.00014418205,0.00044654945,1.0,1.0,1,-0.00014418205,0.0006892749299999993,0.17558753672999985
34.06345729014255,-7.680957248781855,0.2497246001180109,5.9663841332740315,2018-07-26,0.00030318535000000004,0.00071121324,1.0,1.0,1,0.00030318535000000004,0.0009924602799999994,0.17589072207999987
33.780111531821376,-7.969820849594711,-0.3633183435129617,5.914972052816381,2018-07-27,-6.260279000000001e-05,0.0007986145800000002,1.0,1.0,1,-6.260279000000001e-05,0.0009298574899999994,0.17582811928999986
32.95968275248077,-7.968243632767067,-0.4366738610774856,5.762403986416729,2018-07-30,-0.00017300586000000006,0.0007451568500000001,1.0,1.0,1,-0.00017300586000000006,0.0007568516299999993,0.17565511342999987
32.711576691728936,-8.24881715340019,-0.8990643297532426,5.684527081303428,2018-07-31,6.0559699999999975e-05,0.0004972814800000001,1.0,1.0,1,6.0559699999999975e-05,0.0008174113299999993,0.17571567312999986
32.42133786897374,-8.324035710506582,-1.244528246692937,5.565778357623144,2018-08-01,9.993618e-05,-4.358649999999819e-06,1.0,1.0,1,9.993618e-05,0.0009173475099999993,0.17581560930999987
32.14521560788084,-8.315633443941733,-0.8884531360790788,5.4355523794355065,2018-08-02,0.00026348059999999995,-7.991046999999981e-05,1.0,1.0,1,0.00026348059999999995,0.0011808281099999992,0.17607908990999988
31.84383711174154,-6.652729621667649,-3.8170708498848067,5.234292801747671,2018-08-03,7.018097e-05,-1.0025779999999824e-05,1.0,1.0,1,7.018097e-05,0.0012510090799999992,0.17614927087999988
30.975474141048345,-7.685837356252589,-4.318195090673027,4.664926859306206,2018-08-06,5.0467319999999985e-05,2.4550290000000177e-05,1.0,1.0,1,5.0467319999999985e-05,0.0013014763999999992,0.17619973819999987
30.68481994485285,-7.785163044395023,-4.261602192955029,4.476465475814166,2018-08-07,-0.00022303674,-6.48779999999822e-07,1.0,1.0,1,-0.00022303674,0.0010784396599999991,0.17597670145999988
30.400670565580374,-7.719428650503078,-4.458272543196996,4.296593222403715,2018-08-08,6.103441e-05,0.0005607245600000002,1.0,1.0,1,6.103441e-05,0.0011394740699999992,0.17603773586999988
30.121061601495786,-7.876844551597908,-4.718153302434013,4.108627611505597,2018-08-09,-0.00030968388,0.0008273015400000002,-1.0,1.0,1,-0.00030968388,0.0008297901899999992,0.17572805198999988
29.873460282034518,-7.700535352610299,-3.9249210702809982,3.9480466335377855,2018-08-10,-0.00041956919,0.0008348725300000002,-1.0,1.0,1,-0.00041956919,0.0004102209999999992,0.1753084827999999
29.163851070829917,-7.471406679190153,-3.7362256503823694,3.507768232886008,2018-08-13,-2.373810000000001e-05,0.0005421033300000001,-1.0,0.9047619047619048,1,-2.373810000000001e-05,0.00038648289999999917,0.17528474469999988
28.870575636871273,-5.8520392993113886,-2.44839759518905,3.3788149338309665,2018-08-14,0.00019053008,0.00015679780000000013,-1.0,0.8095238095238095,1,0.00019053008,0.0005770129799999991,0.17547527477999988
28.59906356106504,-6.767796359880018,-1.7212388779437546,3.2745904676177697,2018-08-15,0.00016910001,0.0002737708700000002,-1.0,0.7142857142857143,1,0.00016910001,0.0007461129899999991,0.1756443747899999
28.305449021635102,-5.163948393849051,-3.383529900467422,3.104542680458252,2018-08-16,0.00010819468,-0.00016547676999999973,-1.0,0.6190476190476191,1,0.00010819468,0.0008543076699999992,0.1757525694699999
28.02836749251809,-4.497547296426372,-3.3035318897399453,2.9331382496565372,2018-08-17,0.00023012547999999998,-0.0003063280699999997,-1.0,0.5238095238095238,1,0.00023012547999999998,0.001084433149999999,0.1759826949499999
27.25309526099759,-4.469778086632427,-3.1342959496532146,2.4672347789633307,2018-08-20,0.00019080328999999998,-0.0002670112799999997,-1.0,0.42857142857142855,1,0.00019080328999999998,0.001275236439999999,0.17617349823999992
27.016363634500713,-4.458748535690832,-3.1458663422724733,2.3251061063042187,2018-08-21,-4.46708e-05,-0.0005574152799999997,-1.0,0.3333333333333333,1,-4.46708e-05,0.001230565639999999,0.1761288274399999
26.781988726335086,-4.446916461133889,-3.0344503891834838,2.190442326308613,2018-08-22,-8.273510999999998e-05,-0.0004634640299999997,-1.0,0.23809523809523808,1,-8.273510999999998e-05,0.001147830529999999,0.1760460923299999
26.527426043038396,-3.3180965507053184,-3.0992311266108885,2.0702051846397183,2018-08-23,6.997639999999992e-06,-0.0006571719899999997,-1.0,0.14285714285714285,1,6.997639999999992e-06,0.001154828169999999,0.1760530899699999
26.299804243002402,-3.610243969371509,-2.8093161614203184,1.9550757631282067,2018-08-24,0.00028418156000000003,-0.0009123857199999998,-1.0,0.047619047619047616,1,0.00028418156000000003,0.001439009729999999,0.17633727152999992
25.61628154466046,-1.9573911374135908,-1.898674504070522,1.6789358222671351,2018-08-27,0.000202061,-0.0007452487599999998,-1.0,-0.047619047619047616,0,0.0,0.001439009729999999,0.17653933252999993
25.37688314574117,-2.7481714571762788,-1.8418405170519967,1.6219058274971303,2018-08-28,-8.560451999999997e-05,-0.0004621885099999998,-1.0,-0.14285714285714285,0,-0.0,0.001439009729999999,0.17645372800999992
25.167820173884373,-3.5140673324299514,-1.4490468032054125,1.580731073071462,2018-08-29,7.101969999999994e-06,-0.0004379388199999998,-1.0,-0.23809523809523808,0,0.0,0.001439009729999999,0.17646082997999993
24.948572351289524,-3.6951713432792377,-1.8157733269473104,1.5183104835838892,2018-08-30,-0.00014793919,-0.00030762898999999973,-1.0,-0.3333333333333333,0,-0.0,0.001439009729999999,0.17631289078999993
24.75359377805079,-4.319864864267537,-2.038907396318102,1.4918271884008618,2018-08-31,-0.00023815952999999996,-0.0005026275099999998,-1.0,-0.42857142857142855,0,-0.0,0.001439009729999999,0.17607473125999992
24.139753125415982,-4.516494123195708,-1.9502663695324982,1.3903603551137849,2018-09-03,-5.3708500000000004e-06,-0.0008600064599999999,-1.0,-0.5238095238095238,0,-0.0,0.001439009729999999,0.17606936040999993
23.91195936594223,-7.29258043907793,-0.07934994385673733,1.4140069744036623,2018-09-04,0.00012035200999999998,-0.0005537684799999999,-1.0,-0.6190476190476191,0,0.0,0.001439009729999999,0.17618971241999992
23.67734659159992,-7.4035119060170995,-0.04403292693279326,1.4533427718428982,2018-09-05,-0.00018846067,-0.0005534334099999999,-1.0,-0.7142857142857143,0,-0.0,0.001439009729999999,0.17600125174999992
23.447648720053035,-8.642695751976284,-0.2333204194347278,1.4789879227044764,2018-09-06,3.583534e-05,-0.0009209863199999999,-1.0,-0.8095238095238095,0,0.0,0.001439009729999999,0.17603708708999993
23.20358591670908,-9.536393415822708,-0.9515483979221476,1.4759096739690565,2018-09-07,0.00025168946000000004,-0.0007661807399999998,-1.0,-0.9047619047619048,0,0.0,0.001439009729999999,0.17628877654999994
22.50622005123969,-9.347916096964164,-0.8272294989290909,1.4698153796340137,2018-09-10,-0.00015299221000000002,-0.0006251195499999999,-1.0,-1.0,0,-0.0,0.001439009729999999,0.17613578433999993
22.278537727073658,-9.786326563609864,-0.8902277207129412,1.4598389751970444,2018-09-11,-1.6167109999999977e-05,-0.00029038229999999983,-1.0,-1.0,0,-0.0,0.001439009729999999,0.17611961722999994
22.045967097132603,-10.659883456046856,-1.5641237446388452,1.4164012904780066,2018-09-12,-0.00010223912,-0.00019116369999999975,-1.0,-1.0,0,-0.0,0.001439009729999999,0.17601737810999996
21.812780107523675,-9.118803315627481,-2.0747744470440512,1.3360633410681828,2018-09-13,-0.00021620552000000006,-0.0003335077799999998,-1.0,-1.0,0,-0.0,0.001439009729999999,0.17580117258999994
21.53355334386629,-9.244250940019956,-1.9779980466385856,1.2384979379256436,2018-09-14,0.00022516775000000006,-0.0001477735699999998,-1.0,-1.0,0,0.0,0.001439009729999999,0.17602634033999995
20.742779366314203,-8.58110917979089,-2.1294513226439844,0.9835055675730188,2018-09-17,-0.00020912216,6.594018000000021e-05,-1.0,-1.0,0,-0.0,0.001439009729999999,0.17581721817999996
20.491269661890467,-8.672720618158468,-1.9808040180577409,0.9157749583531256,2018-09-18,4.9951990000000005e-05,0.00022739313000000018,-1.0,-1.0,0,0.0,0.001439009729999999,0.17586717016999995
20.236354965869765,-8.180490178276884,-1.480166257751689,0.8731726159178379,2018-09-19,-5.354009999999996e-06,0.00039373463000000016,-1.0,-1.0,0,-0.0,0.001439009729999999,0.17586181615999993
19.99727690887229,-8.581998826516408,-0.9290933706119252,0.8518595694404212,2018-09-20,-0.00037313911,0.00046685924000000004,-1.0,-1.0,0,-0.0,0.001439009729999999,0.17548867704999993
19.71794208195071,-10.035141746596238,-1.2483954587278523,0.8184382748661392,2018-09-21,0.00010094889000000003,0.0004000019500000001,-1.0,-1.0,0,0.0,0.001439009729999999,0.17558962593999994
18.909269224706804,-9.216748254685493,-1.0029257416308042,0.7383551685956888,2018-09-24,9.047359999999996e-05,0.0001816862700000001,-1.0,-1.0,0,0.0,0.001439009729999999,0.17568009953999994
18.647370269497095,-9.382723149625603,-0.7931789817888449,0.7322166108457395,2018-09-25,-5.315273000000001e-05,1.232259000000009e-05,-1.0,-1.0,0,-0.0,0.001439009729999999,0.17562694680999993
18.388083956207566,-9.250659919932163,-0.8918964582006783,0.7218293319570819,2018-09-26,8.153244000000001e-05,-0.00016990753999999986,-1.0,-1.0,0,0.0,0.001439009729999999,0.17570847924999994
18.152595715325113,-8.58840612758927,-1.0236263700080706,0.7176976011195961,2018-09-27,0.00029016222,-0.00015415050999999987,-1.0,-1.0,0,0.0,0.001439009729999999,0.17599864146999994
17.93317814190548,-9.410770190944929,-2.115415721274285,0.6800439215025733,2018-09-28,-0.0001236895,8.390377000000012e-05,-1.0,-1.0,0,-0.0,0.001439009729999999,0.17587495196999994
17.17742089309874,-8.100856934493672,-2.784063183128435,0.4595697347666885,2018-10-01,-0.00010784969999999997,0.00015927128000000007,-1.0,-1.0,0,-0.0,0.001439009729999999,0.17576710226999995
16.8913894201455,-7.977828383065911,-2.7520820590074155,0.3786610165687421,2018-10-02,-0.00020036936999999998,0.00025191885000000025,-1.0,-1.0,0,-0.0,0.001439009729999999,0.17556673289999994
16.613682401133794,-12.283216618810613,-0.5748253410856101,0.38726885579197295,2018-10-03,-0.0002370269400000001,0.00023106418000000027,-1.0,-1.0,0,-0.0,0.001439009729999999,0.17532970595999994
16.368067930067912,-12.599707383779785,-0.21295427501627628,0.4029417881652648,2018-10-04,0.00011777731000000002,0.0002698350900000003,-1.0,-1.0,0,0.0,0.001439009729999999,0.17544748326999995
16.132164514247535,-10.628407089491716,-0.2394849353226043,0.3991591351692705,2018-10-05,3.617040999999997e-05,0.0004276736700000003,-1.0,-1.0,0,0.0,0.001439009729999999,0.17548365367999996
15.457700753490355,-10.618517351924408,-0.4889686957271362,0.38115287118981195,2018-10-08,-0.00011586344999999999,0.0004641535900000002,-1.0,-1.0,0,-0.0,0.001439009729999999,0.17536779022999996
15.234255798987968,-10.513154183726837,-0.7118523070448219,0.3626720494329447,2018-10-09,1.8133699999999993e-06,9.614427000000015e-05,-1.0,-1.0,0,0.0,0.001439009729999999,0.17536960359999995
15.018514379690592,-10.213562990626373,-0.09497012298434447,0.3682904683277286,2018-10-10,0.00012489408000000002,-0.00023914357999999994,-1.0,-1.0,0,0.0,0.001439009729999999,0.17549449767999994
14.805616947988035,-8.266205747349016,-1.3360655076713464,0.3500846330477429,2018-10-11,0.00023249813000000009,-0.0005470120899999999,-1.0,-1.0,0,0.0,0.001439009729999999,0.17572699580999995
14.597926908965945,-7.349803175021566,-1.240922501377801,0.39188994584668535,2018-10-12,-0.00011698692,-0.00033935871,-1.0,-1.0,0,-0.0,0.001439009729999999,0.17561000888999995
14.000096427182662,-5.556955190196391,-2.345454720006062,0.4532228816370321,2018-10-15,8.282367000000004e-05,-0.00036940504,-1.0,-1.0,0,0.0,0.001439009729999999,0.17569283255999996
13.814052791509814,-8.116181253464601,-2.3113883065903376,0.44619242548361626,2018-10-16,-2.3387949999999966e-05,-0.00075812736,-1.0,-1.0,0,-0.0,0.001439009729999999,0.17566944460999995
13.614496759955204,-7.514501454961962,-2.866599895200272,0.4156241834101877,2018-10-17,0.00026366574000000003,-0.00058620401,-1.0,-1.0,0,0.0,0.001439009729999999,0.17593311034999995
13.391898028872356,-7.570792684549633,-3.8391997253846206,0.34749462227162553,2018-10-18,0.00015609893999999998,-0.00020090302999999999,-1.0,-1.0,0,0.0,0.001439009729999999,0.17608920928999994
13.116297854133814,-7.498425659511467,-4.531320817191087,0.2302950363357752,2018-10-19,-0.00020679761,-5.910691999999993e-05,-1.0,-1.0,0,-0.0,0.001439009729999999,0.17588241167999993
12.34857779768152,-7.261045857042098,-4.270706576347866,-0.09934166813195587,2018-10-22,0.00017407349999999994,-0.00014864881999999995,-1.0,-1.0,0,0.0,0.001439009729999999,0.17605648517999994
12.111451436423769,-7.193704914534936,-4.245908791465624,-0.20181538322179904,2018-10-23,2.361631e-05,0.00019229742000000008,-1.0,-1.0,0,0.0,0.001439009729999999,0.17608010148999995
11.80517592313771,-9.194714015124866,-6.828260969930284,-0.4009738507851637,2018-10-24,-0.00027146841,3.644585000000004e-05,-1.0,-1.0,0,-0.0,0.001439009729999999,0.17580863307999994
11.466735861940606,-9.034430892826988,-6.987923202346363,-0.6237315499137139,2018-10-25,-8.783124000000001e-05,-9.722011000000002e-05,-1.0,-1.0,0,-0.0,0.001439009729999999,0.17572080183999994
11.145440309103924,-9.056397679060158,-6.686170549964073,-0.8322587139476525,2018-10-26,0.00010793209000000004,-0.00012188609,-1.0,-1.0,0,0.0,0.001439009729999999,0.17582873392999995
10.257043715939602,-8.661038368055403,-6.351654351959004,-1.39495494011922,2018-10-29,-0.00010793246999999999,2.001239999999997e-05,-1.0,-1.0,0,-0.0,0.001439009729999999,0.17572080145999996
9.960369642101377,-11.435287328113274,-8.043119991590654,-1.614901812656143,2018-10-30,0.00013020458000000002,0.00021824871999999998,-1.0,-1.0,0,0.0,0.001439009729999999,0.17585100603999995
9.644025504147358,-13.159838733897624,-7.929701445839679,-1.8753907172505249,2018-10-31,-0.00012500186000000002,0.00067070526,-1.0,-1.0,0,-0.0,0.001439009729999999,0.17572600417999995
9.315248378972996,-11.848349360357432,-8.715673295949706,-2.142303942546846,2018-11-01,-0.00014437936999999994,0.00069874902,-1.0,-1.0,0,-0.0,0.001439009729999999,0.17558162480999995
8.95627591710025,-13.036789618621867,-7.617444885914964,-2.386242575921784,2018-11-02,9.692264000000001e-05,0.0005779070699999999,-1.0,-1.0,0,0.0,0.001439009729999999,0.17567854744999994
7.9660574879707795,-13.521357807741758,-6.7320264342577145,-3.0269249305242742,2018-11-05,7.494132000000001e-05,0.0004734186099999999,-1.0,-1.0,0,0.0,0.001439009729999999,0.17575348876999994
7.637198043090991,-11.702550087741322,-5.801350763739711,-3.1745085395085937,2018-11-06,4.197513e-05,0.00054329921,-1.0,-1.0,0,0.0,0.001439009729999999,0.17579546389999995
7.320652706519247,-11.852984860109252,-5.7647002313626245,-3.3192031430471896,2018-11-07,3.829328999999996e-05,0.0008047284100000001,-1.0,-1.0,0,0.0,0.001439009729999999,0.17583375718999994
7.0037764973765935,-11.990739929434035,-6.4779079638714965,-3.4637130315515208,2018-11-08,-0.00024311524000000004,0.0009900253000000002,-1.0,-1.0,0,-0.0,0.001439009729999999,0.17559064194999993
6.714710685356111,-12.69657325482864,-6.765328902416026,-3.612129948295859,2018-11-09,-0.00010278972,0.0014111305000000002,-1.0,-1.0,0,-0.0,0.001439009729999999,0.17548785222999994
5.917395412204591,-12.061498652556304,-6.317896128243161,-4.00084846073392,2018-11-12,-0.00042485543,0.0013116168100000003,-1.0,-1.0,0,-0.0,0.001439009729999999,0.17506299679999993
5.646844371795829,-11.552397034458778,-6.250439742081082,-4.1305764109176275,2018-11-13,0.00029047704999999994,0.0013668991600000002,-1.0,-1.0,0,0.0,0.001439009729999999,0.1753534738499999
5.297964417420523,-11.588909919159367,-6.680605758643803,-4.262892037215123,2018-11-14,-5.3434280000000017e-05,0.0016813202700000003,-1.0,-1.0,0,-0.0,0.001439009729999999,0.17530003956999993
4.9717958755662375,-12.014375371919124,-6.161138730086237,-4.371149999002171,2018-11-15,-0.00012505658,0.0012006378200000003,-1.0,-1.0,0,-0.0,0.001439009729999999,0.17517498298999992
4.649144899822325,-12.121217768296766,-5.88205466997228,-4.494843106552736,2018-11-16,0.00032802229,0.0009377654900000003,-1.0,-1.0,0,0.0,0.001439009729999999,0.17550300527999993
3.7468810398066097,-10.64749880462335,-6.594538838948992,-4.874076533399432,2018-11-19,0.00017850337,0.0005852687800000003,1.0,-1.0,0,0.0,0.001439009729999999,0.17568150864999993
3.4546244048389103,-10.56463696908514,-6.38737126207106,-5.011135941805236,2018-11-20,0.00031586961,0.0003993321900000002,1.0,-1.0,0,0.0,0.001439009729999999,0.17599737825999992
3.1590238415003355,-9.469299032780961,-7.113630729973692,-5.164974592833205,2018-11-21,-6.592559000000003e-05,0.0006000287000000002,1.0,-0.9047619047619048,0,-0.0,0.001439009729999999,0.17593145266999993
2.8738713571591963,-9.373515536717754,-7.009909954380822,-5.306726870778391,2018-11-22,6.947783e-05,0.0009333526200000003,1.0,-0.8095238095238095,0,0.0,0.001439009729999999,0.17600093049999993
2.5355495852127987,-10.978229481782689,-8.144138661979527,-5.47495240343352,2018-11-23,-0.00024368281000000005,0.0010376066200000003,1.0,-0.7142857142857143,0,-0.0,0.001439009729999999,0.17575724768999992
1.5873365083469295,-10.714467593809124,-8.084691175226087,-5.9190532774481985,2018-11-26,-2.573387000000001e-05,0.0013623916400000004,1.0,-0.6190476190476191,0,-0.0,0.001439009729999999,0.17573151381999993
1.285843536394168,-10.667363806935962,-8.056749351075055,-6.039019921455008,2018-11-27,-0.00013259844999999998,0.0008196519500000003,1.0,-0.5238095238095238,0,-0.0,0.001439009729999999,0.17559891536999994
0.9905303228161486,-9.97879554448992,-8.524705395252205,-6.172537993735888,2018-11-28,0.00027210307,0.0007063402500000004,1.0,-0.42857142857142855,0,0.0,0.001439009729999999,0.17587101843999994
0.6972512960292789,-9.086618253821246,-7.655585823589767,-6.272856947328847,2018-11-29,7.323445999999999e-05,0.0003091347900000003,1.0,-0.3333333333333333,0,0.0,0.001439009729999999,0.17594425289999993
0.4405997514621518,-10.34970964522591,-8.393944267391023,-6.394547379250837,2018-11-30,0.00030807717000000005,0.00019507343000000032,1.0,-0.23809523809523808,0,0.0,0.001439009729999999,0.17625233006999994
-0.3313511011076997,-11.005292616643091,-6.70245796583154,-6.656129140254137,2018-12-03,0.00012496639999999998,7.382900000002697e-07,1.0,-0.14285714285714285,0,0.0,0.001439009729999999,0.17637729646999994
-0.6300906312712939,-10.879880913977845,-6.682265308422288,-6.711202035367763,2018-12-04,-4.590062999999996e-05,0.0002611939000000003,1.0,-0.047619047619047616,0,-0.0,0.001439009729999999,0.17633139583999993
-0.9395363963259696,-10.026791831816878,-6.499489752528776,-6.742618772407781,2018-12-05,-6.251333e-05,0.0002589991000000003,1.0,0.047619047619047616,1,-6.251333e-05,0.0013764963999999991,0.17626888250999992
-1.2685411347471245,-9.711445357672462,-6.262767632017787,-6.765679425143985,2018-12-06,0.00010817389000000003,-5.444744999999953e-05,1.0,0.14285714285714285,1,0.00010817389000000003,0.001484670289999999,0.17637705639999993
-1.6176866564850414,-9.001902568582556,-6.399341173677287,-6.828923513981381,2018-12-07,1.831396e-05,-9.683679999999582e-06,1.0,0.23809523809523808,1,1.831396e-05,0.001502984249999999,0.17639537035999991
-2.627978606773535,-9.312426732448273,-6.883226564798576,-7.024535480542254,2018-12-10,8.250717000000005e-05,-0.00039921968999999955,-1.0,0.3333333333333333,1,8.250717000000005e-05,0.001585491419999999,0.1764778775299999
-2.9852479146498005,-8.153200662991607,-6.654028326598128,-7.093648399508197,2018-12-11,-3.750229999999987e-06,-0.0004039745799999995,1.0,0.42857142857142855,1,-3.750229999999987e-06,0.001581741189999999,0.17647412729999992
-3.288300686406167,-7.868915727465799,-6.384398297227131,-7.091541719769026,2018-12-12,0.00019096336,-0.0002569934199999995,-1.0,0.42857142857142855,1,0.00019096336,0.001772704549999999,0.1766650906599999
-3.572553766226686,-8.470715508025508,-5.79953268719113,-7.074367051577668,2018-12-13,1.8480700000000012e-06,-0.0004536227199999995,-1.0,0.5238095238095238,1,1.8480700000000012e-06,0.001774552619999999,0.17666693872999992
-3.972730190150013,-13.870900921489051,-8.79087946723949,-7.180532754001149,2018-12-14,0.00018936453,-0.0005232056999999995,-1.0,0.5238095238095238,1,0.00018936453,0.001963917149999999,0.17685630325999993
-5.097451042352707,-11.826049298220795,-9.513750596567897,-7.521803286468241,2018-12-17,-0.00015266015999999995,-0.0004790425699999995,-1.0,0.5238095238095238,1,-0.00015266015999999995,0.0018112569899999989,0.17670364309999992
-5.491856000348914,-13.428516685303064,-8.879347537592476,-7.6439627466903355,2018-12-18,-8.436895999999999e-05,-0.0004698485699999995,-1.0,0.5238095238095238,1,-8.436895999999999e-05,0.0017268880299999988,0.17661927413999992
-5.897805137587429,-13.257257306714989,-9.067232421816586,-7.76033276379124,2018-12-19,-3.6627100000000014e-05,-0.00030589620999999943,-1.0,0.5238095238095238,1,-3.6627100000000014e-05,0.0016902609299999987,0.17658264703999993
-6.272716039257307,-12.880566276652367,-8.870899835625881,-7.8686765790452,2018-12-20,-0.00025186218000000003,-0.0005504146099999995,-1.0,0.42857142857142855,1,-0.00025186218000000003,0.0014383987499999988,0.17633078485999992
-6.638003730978074,-12.062304627079884,-9.929571419145425,-8.014338718249121,2018-12-21,0.00027017434000000003,-0.0006675448299999995,-1.0,0.3333333333333333,1,0.00027017434000000003,0.001708573089999999,0.17660095919999994
-7.619324841584188,-11.656771102917011,-9.501613545947468,-8.40803033075167,2018-12-24,8.964110999999996e-05,-0.0006782821199999994,-1.0,0.23809523809523808,1,8.964110999999996e-05,0.0017982141999999988,0.17669060030999995
-7.911923029059692,-11.522736250155836,-9.36934666239097,-8.525787005096078,2018-12-25,7.852012999999997e-05,-0.0011606880299999994,-1.0,0.14285714285714285,1,7.852012999999997e-05,0.0018767343299999988,0.17676912043999995
-8.1936670020735,-11.48669827076398,-9.171541015065126,-8.629168050493691,2018-12-26,0.00019218657000000006,-0.0005047545199999995,-1.0,0.047619047619047616,1,0.00019218657000000006,0.0020689208999999987,0.17696130700999996
-8.464661916437574,-10.95796851088251,-9.358159658264213,-8.758137016076148,2018-12-27,-0.00027063661999999995,-0.0003898666499999995,-1.0,-0.047619047619047616,0,-0.0,0.0020689208999999987,0.17669067038999997
-8.720178742884357,-10.838057788829387,-9.183530489989675,-8.891693653902507,2018-12-28,-4.007723999999998e-05,-0.00027340232999999956,-1.0,-0.14285714285714285,0,-0.0,0.0020689208999999987,0.17665059314999998
-9.427348214559586,-10.023127387276926,-9.16026310242898,-9.283374691199526,2018-12-31,-8.912829e-05,-0.00048074573999999957,-1.0,-0.23809523809523808,0,-0.0,0.0020689208999999987,0.17656146486
-9.665851076398912,-9.9213139162283,-9.038531658084892,-9.424035276503217,2019-01-01,1.090504e-05,-0.00011692817999999958,-1.0,-0.3333333333333333,0,0.0,0.0020689208999999987,0.1765723699
-9.970196771138117,-9.769974253323188,-8.919123954073045,-9.5845620516414,2019-01-02,-0.00024023577,-0.00034943094999999964,-1.0,-0.42857142857142855,0,-0.0,0.0020689208999999987,0.17633213412999998
-10.287472901385854,-9.018533103689442,-9.276157490807387,-9.74582295389058,2019-01-03,0.00019794228000000004,-0.0003807836899999996,-1.0,-0.5238095238095238,0,0.0,0.0020689208999999987,0.17653007641
-10.644834837707009,-12.68209883340712,-7.802457251477272,-9.858274526805218,2019-01-04,0.00010597909,2.745961000000025e-05,-1.0,-0.6190476190476191,0,0.0,0.0020689208999999987,0.1766360555
-11.618783633109212,-11.105424253732329,-7.726761440654815,-10.147056191517748,2019-01-07,-0.00029513258999999984,-0.00013102460999999977,-1.0,-0.7142857142857143,0,-0.0,0.0020689208999999987,0.17634092291
-11.974267851024086,-14.136277183960324,-9.055013968003935,-10.284157664975057,2019-01-08,0.00012727094,0.00017236031000000018,-1.0,-0.8095238095238095,0,0.0,0.0020689208999999987,0.17646819385
-12.309973787646749,-13.930605614231755,-9.05987160770885,-10.412921322113393,2019-01-09,-0.00039328624,-9.106354999999984e-05,-1.0,-0.9047619047619048,0,-0.0,0.0020689208999999987,0.17607490761
-12.620450832556417,-14.797109167442624,-9.072691431293213,-10.523155348384307,2019-01-10,0.00018620847,-0.0004039850399999999,-1.0,-0.9047619047619048,0,0.0,0.0020689208999999987,0.17626111608
-12.955166651941779,-15.190209181645088,-9.156116371997769,-10.699919689446377,2019-01-11,0.00014882922999999998,-0.0002031924999999999,-1.0,-1.0,0,0.0,0.0020689208999999987,0.17640994531
-13.897274827395332,-15.117617387140145,-9.128754578352584,-11.180468956701247,2019-01-14,-7.26476999999999e-06,-0.00024844036999999993,-1.0,-1.0,0,-0.0,0.0020689208999999987,0.17640268054000002
-14.215663699527527,-14.411285103050135,-9.382093728216404,-11.332765425138831,2019-01-15,-0.00022224314,-6.781570999999987e-05,-1.0,-1.0,0,-0.0,0.0020689208999999987,0.17618043740000003
-14.533912514626277,-14.604811503115265,-9.092994444919766,-11.467562047619793,2019-01-16,-4.020583000000001e-05,-5.145009999999989e-05,-1.0,-1.0,0,-0.0,0.0020689208999999987,0.17614023157000003
-14.837784116971175,-15.008924097016571,-8.589261939420481,-11.593712880703096,2019-01-17,-2.74331e-05,0.00010282631000000014,-1.0,-1.0,0,-0.0,0.0020689208999999987,0.17611279847000003
-15.132358723287453,-13.960437420572276,-8.868022882028903,-11.710826878431106,2019-01-18,-8.790982000000002e-05,0.00018570570000000011,-1.0,-1.0,0,-0.0,0.0020689208999999987,0.17602488865000002
-15.954253161150934,-13.464710624909587,-8.544327215139822,-12.004729239433686,2019-01-21,2.5655939999999992e-05,0.0002352361700000001,-1.0,-1.0,0,0.0,0.0020689208999999987,0.17605054459000002
-16.214807875934238,-12.90012765178428,-8.17334117121156,-12.039095326006846,2019-01-22,-2.7489109999999995e-05,0.0001343865100000001,-1.0,-1.0,0,-0.0,0.0020689208999999987,0.17602305548000002
-16.509474218404367,-12.753333788895814,-8.696419957871386,-12.10049192785786,2019-01-23,6.778284000000001e-05,0.00042276758000000007,-1.0,-1.0,0,0.0,0.0020689208999999987,0.17609083832000003
-16.87443528099644,-17.051701005165967,-8.927767896490199,-12.175279294328758,2019-01-24,-0.00029021934,-5.6168899999999895e-05,-1.0,-1.0,0,-0.0,0.0020689208999999987,0.17580061898000002
-17.257029209836947,-18.199467587778887,-9.538463384044627,-12.277459296839965,2019-01-25,0.00038529689,-0.00025550678999999995,-1.0,-1.0,0,0.0,0.0020689208999999987,0.17618591587000001
-18.27892113799632,-17.475395909601833,-9.181354826705457,-12.545099762508274,2019-01-28,7.481063e-05,-0.00020596998999999997,-1.0,-1.0,0,0.0,0.0020689208999999987,0.17626072650000002
-18.593814013600284,-16.93250840050988,-9.270212086459694,-12.6315941147613,2019-01-29,2.7336029999999992e-05,-4.035519999999987e-06,-1.0,-1.0,0,0.0,0.0020689208999999987,0.17628806253
-18.958566057916666,-17.78206549305601,-8.866164042760044,-12.710820798998995,2019-01-30,-0.00019643837,-0.00010562463999999997,-1.0,-1.0,0,-0.0,0.0020689208999999987,0.17609162416000002
-19.3339898937346,-18.10133566696641,-8.309978530830394,-12.76761303180709,2019-01-31,0.00012358178999999998,3.539275000000004e-05,-1.0,-1.0,0,0.0,0.0020689208999999987,0.17621520595
-19.800049384214823,-22.03866760946417,-3.9434786491938265,-12.70820627273973,2019-02-01,-3.4560490000000015e-05,8.961077000000009e-05,-1.0,-1.0,0,-0.0,0.0020689208999999987,0.17618064546
-21.077912496168338,-19.556045949671656,-5.6229153880491305,-12.596324460983185,2019-02-04,7.462635e-05,-7.140498999999996e-05,-1.0,-1.0,0,0.0,0.0020689208999999987,0.17625527181
-21.574267442611244,-17.945835448879347,-5.155024198120578,-12.588728982362625,2019-02-05,0.00011311071000000003,-0.00046982399999999976,-1.0,-1.0,0,0.0,0.0020689208999999987,0.17636838252
-22.035431506192797,-18.887494242212195,-5.258190991176235,-12.559923114656444,2019-02-06,-3.1213280000000014e-05,-0.0002294170899999997,-1.0,-1.0,0,-0.0,0.0020689208999999987,0.17633716924
-22.475748853778352,-19.16179839398349,-6.308058385267844,-12.567521348301494,2019-02-07,-8.990132000000003e-05,-0.00032269736999999976,-1.0,-1.0,0,-0.0,0.0020689208999999987,0.17624726792
-22.899495307099823,-19.18377050591065,-6.5279384207940145,-12.585534733373125,2019-02-08,-7.721539000000001e-05,-0.0002565210499999997,-1.0,-1.0,0,-0.0,0.0020689208999999987,0.17617005253
-24.025602746776414,-18.457626245917254,-6.448087292615807,-12.571607792584414,2019-02-11,-0.00016409226000000003,-0.0005198515799999997,-1.0,-1.0,0,-0.0,0.0020689208999999987,0.17600596027
-24.388359240661437,-17.80049478564061,-6.810789924040241,-12.582083406404704,2019-02-12,0.00019352777,-0.00013827273999999964,-1.0,-1.0,0,0.0,0.0020689208999999987,0.17619948804000002
-24.767251675325713,-17.964506216300272,-7.100477989912642,-12.643994634610904,2019-02-13,-0.00026749101000000003,-0.00034865973999999967,-1.0,-1.0,0,-0.0,0.0020689208999999987,0.17593199703
-25.209802312545662,-11.191266588417133,-12.582987302580275,-12.838381437459688,2019-02-14,0.00014041883000000005,-0.00037437104999999966,-1.0,-1.0,0,0.0,0.0020689208999999987,0.17607241586
-25.66378454052989,-9.19353303115442,-13.649927709811836,-13.060547639993727,2019-02-15,-1.1067490000000011e-05,-0.0004315803999999997,-1.0,-1.0,0,-0.0,0.0020689208999999987,0.17606134837
-26.86682359887836,-9.039229867448627,-13.00036719973815,-13.65112922631265,2019-02-18,6.636659000000001e-05,-0.0002931270299999997,-1.0,-1.0,0,0.0,0.0020689208999999987,0.17612771496000001
-27.23169349792312,-9.51870196869892,-12.565274113144646,-13.807142605236109,2019-02-19,0.00010853532999999996,-0.0004778335699999997,1.0,-1.0,0,0.0,0.0020689208999999987,0.17623625029
-27.604600966209425,-9.455882170245461,-13.109902112218759,-13.967338500747047,2019-02-20,2.204136e-05,-0.0007185220199999998,1.0,-1.0,0,0.0,0.0020689208999999987,0.17625829165
-28.03009225976377,-6.4280279882118485,-12.585611216979244,-14.105244775597614,2019-02-21,-3.306682e-05,-0.0006154042599999998,1.0,-0.9047619047619048,0,-0.0,0.0020689208999999987,0.17622522483
-28.463789957118458,-6.727946471245772,-12.585006624841945,-14.243751260683256,2019-02-22,-1.838269999999993e-06,-0.00037789417999999986,1.0,-0.8095238095238095,0,-0.0,0.0020689208999999987,0.17622338656
-29.618314117378613,-6.519153246640832,-12.192531743248074,-14.610829407043552,2019-02-25,-9.363958999999998e-05,-0.0001553227299999999,1.0,-0.7142857142857143,0,-0.0,0.0020689208999999987,0.17612974697
-30.003232424496865,-4.977303629498773,-13.13263466408618,-14.763031591219786,2019-02-26,-0.00012452726000000005,-0.00015619538999999994,1.0,-0.6190476190476191,0,-0.0,0.0020689208999999987,0.17600521971
-30.42431774125381,-4.19311490883235,-13.358777286600544,-14.93603408499702,2019-02-27,7.687283000000001e-05,-0.00023406418999999995,1.0,-0.5238095238095238,0,0.0,0.0020689208999999987,0.17608209253999998
-30.879164458520172,-5.049788690308901,-13.403147810589392,-15.138575453494393,2019-02-28,5.4960999999999845e-06,-0.00031366833999999996,1.0,-0.42857142857142855,0,0.0,0.0020689208999999987,0.17608758864
-31.494573779137372,-2.7047044188968177,-15.717319068126823,-15.407535538234642,2019-03-01,2.199267e-05,-0.0004182686599999999,1.0,-0.3333333333333333,0,0.0,0.0020689208999999987,0.17610958130999999
-33.14001625998951,-2.7964491744357924,-15.253711701500965,-16.117411855342056,2019-03-04,0.0001064569,-0.00041714504,1.0,-0.23809523809523808,0,0.0,0.0020689208999999987,0.17621603820999998
-33.629678242325056,-3.426682460979776,-12.39701872443975,-16.21036013376957,2019-03-05,0.00012884437000000004,-0.00038776899,1.0,-0.14285714285714285,0,0.0,0.0020689208999999987,0.17634488257999997
-34.08678518781805,-3.2430020902877903,-12.456702687909546,-16.30491656196196,2019-03-06,-4.790505000000001e-05,6.229420999999986e-05,1.0,-0.047619047619047616,0,-0.0,0.0020689208999999987,0.17629697752999998
-34.51762259809976,-3.356130600190828,-11.914044507055463,-16.379466453620978,2019-03-07,-0.00042963228999999987,6.493299999998876e-07,1.0,0.047619047619047616,1,-0.00042963228999999987,0.001639288609999999,0.17586734523999997
-34.99229381146614,-1.8619763447267088,-12.321575446578615,-16.561415026054302,2019-03-08,0.00015050559,0.00027836843999999995,1.0,0.14285714285714285,1,0.00015050559,0.001789794199999999,0.17601785082999996
-36.23966460588084,-4.614580557458201,-10.269465098972807,-16.952934164638382,2019-03-11,-0.00017049567000000006,0.00033746391999999993,1.0,0.23809523809523808,1,-0.00017049567000000006,0.0016192985299999989,0.17584735515999997
-36.62664263005472,-2.6612373941295244,-11.026402873602574,-17.06986718043413,2019-03-12,-9.791594000000001e-05,0.0004719854199999999,1.0,0.3333333333333333,1,-9.791594000000001e-05,0.0015213825899999989,0.17574943921999997
-36.99793959013278,-3.666200437568056,-9.728221886892797,-17.12602874422062,2019-03-13,-6.980276000000002e-05,0.00030789818999999986,-1.0,0.42857142857142855,1,-6.980276000000002e-05,0.0014515798299999988,0.17567963645999998
-37.38775676696153,-3.2098101052307277,-10.002020777818561,-17.206418464064587,2019-03-14,0.00011408783000000002,0.0003852454099999998,1.0,0.5238095238095238,1,0.00011408783000000002,0.0015656676599999989,0.17579372428999998
-37.771829924068,-2.713168170240837,-10.282062852459141,-17.321517327079178,2019-03-15,-6.996816999999999e-05,0.0003666859299999998,1.0,0.5238095238095238,1,-6.996816999999999e-05,0.0014956994899999988,0.17572375612
-38.789958164660355,-2.652385219411097,-10.171409744760231,-17.593730961105013,2019-03-18,-3.6778800000000015e-05,0.00040365366999999984,1.0,0.6190476190476191,1,-3.6778800000000015e-05,0.0014589206899999988,0.17568697732
-39.080528510981075,-1.560130057760156,-9.474307780385184,-17.638954964811628,2019-03-19,9.157239999999992e-06,-0.00010970584000000016,1.0,0.7142857142857143,1,9.157239999999992e-06,0.0014680779299999988,0.17569613456
-39.35576252184496,-1.6042091375293899,-9.273244790072534,-17.66679306249432,2019-03-20,0.0002469887,-1.1919630000000165e-05,1.0,0.8095238095238095,1,0.0002469887,0.0017150666299999987,0.17594312326
-39.613294578018525,-2.341431811538079,-8.581642142112628,-17.651278495346393,2019-03-21,-0.00016266518,0.0003099740099999999,-1.0,0.9047619047619048,1,-0.00016266518,0.0015524014499999988,0.17578045808
-39.97122233365509,-8.601704182726314,-12.908404926113073,-17.793628277720725,2019-03-22,-0.00027375527000000004,0.00034583428999999987,1.0,0.9047619047619048,1,-0.00027375527000000004,0.0012786461799999987,0.17550670281
-40.9163571560817,-7.549473502644651,-11.569462383224131,-18.11149895221924,2019-03-25,0.00010127949,0.00045332361999999996,1.0,0.8095238095238095,1,0.00010127949,0.0013799256699999986,0.1756079823
-41.2578127930482,-5.995383926191332,-12.616996274464505,-18.230905896120575,2019-03-26,0.00014387048999999998,0.00027303719999999997,1.0,0.8095238095238095,1,0.00014387048999999998,0.0015237961599999985,0.17575185279
-41.58242210853422,-6.20426358611776,-12.749402808366327,-18.348585867094,2019-03-27,9.804418999999996e-05,0.0002456543,1.0,0.8095238095238095,1,9.804418999999996e-05,0.0016218403499999984,0.17584989698
-41.93823786794349,-7.141732518702066,-13.125663430647887,-18.47537237427564,2019-03-28,7.600016999999999e-05,0.00018929003999999995,1.0,0.8095238095238095,1,7.600016999999999e-05,0.0016978405199999985,0.17592589715
-42.26324241705045,-8.573174087965906,-12.631309234437554,-18.59818523957428,2019-03-29,-7.23727e-05,9.069844999999994e-05,1.0,0.8095238095238095,1,-7.23727e-05,0.0016254678199999985,0.17585352445000002
-43.30125413616289,-8.096807624206711,-14.44842058818098,-18.914380925731766,2019-04-01,-5.7611480000000014e-05,0.00015389625999999996,1.0,0.8095238095238095,1,-5.7611480000000014e-05,0.0015678563399999985,0.17579591297000002
-43.74502449764759,-8.026287814697092,-13.98644704856718,-19.045936504736236,2019-04-02,1.856580000000003e-06,0.00012636495999999997,1.0,0.8095238095238095,1,1.856580000000003e-06,0.0015697129199999985,0.17579776955
-44.196197243610314,-3.6142096169523286,-14.403743764628794,-19.1587017704572,2019-04-03,0.00012996798999999999,3.130002999999998e-05,1.0,0.8095238095238095,1,0.00012996798999999999,0.0016996809099999984,0.17592773754000002
-44.61611516370274,-5.854698793407611,-14.90476254772016,-19.307122560392187,2019-04-04,-1.852900000000001e-05,0.0,1.0,0.8095238095238095,1,-1.852900000000001e-05,0.0016811519099999984,0.17590920854000003
-45.00471381862236,-6.072919653828469,-14.35441365983274,-19.43043483456441,2019-04-05,2.0430910000000005e-05,0.0,1.0,0.8095238095238095,1,2.0430910000000005e-05,0.0017015828199999983,0.17592963945000004
-46.01479065666536,-6.0070865679771135,-14.161454952404293,-19.741193594156886,2019-04-08,8.886071000000001e-05,0.0,1.0,0.8095238095238095,1,8.886071000000001e-05,0.0017904435299999984,0.17601850016000004
-46.309022880119045,-5.270997237289481,-14.442996658614998,-19.828304561333653,2019-04-09,0.00010722344,0.0,1.0,0.8095238095238095,1,0.00010722344,0.0018976669699999984,0.17612572360000003
-46.58118929144954,-3.1866918656025183,-14.859493172941034,-19.926892350492427,2019-04-10,-3.8820459999999996e-05,0.0,1.0,0.8095238095238095,1,-3.8820459999999996e-05,0.0018588465099999983,0.17608690314000003
-46.840323916551675,-4.319952576782753,-13.799642592576307,-19.976063893683147,2019-04-11,6.471874e-05,0.0,1.0,0.8095238095238095,1,6.471874e-05,0.0019235652499999983,0.17615162188000003
-47.09077358582243,-3.8348178203305343,-13.793388417351256,-20.03082361079629,2019-04-12,-4.999940000000002e-05,0.0,1.0,0.8095238095238095,1,-4.999940000000002e-05,0.0018735658499999983,0.17610162248000003
-47.729991570227604,-3.992193906367172,-13.159465579641118,-20.154961215756003,2019-04-15,7.3790499999999925e-06,0.0,1.0,0.9047619047619048,1,7.3790499999999925e-06,0.0018809448999999984,0.17610900153000003
-47.91238957292158,-2.398255042205207,-13.908811255345993,-20.209174806018964,2019-04-16,-5.533828000000001e-05,0.0,1.0,0.9047619047619048,1,-5.533828000000001e-05,0.0018256066199999984,0.17605366325000002
-48.094795431556996,-2.4154149025393217,-13.885988947725279,-20.17320973249194,2019-04-17,4.6124979999999995e-05,0.0,1.0,0.9047619047619048,1,4.6124979999999995e-05,0.0018717315999999984,0.17609978823000003
-48.344870707892866,-3.7356330040028816,-13.170194111792645,-20.107440763090292,2019-04-18,-0.00026637081,0.0,1.0,0.9047619047619048,1,-0.00026637081,0.0016053607899999985,0.17583341742000003
-48.57145851655473,-3.7249852369404137,-12.827024450995816,-20.033596114806016,2019-04-19,-6.487897e-05,0.0,1.0,0.9047619047619048,1,-6.487897e-05,0.0015404818199999985,0.17576853845000004
-49.138956036359644,-2.0819945707425256,-13.55181337728527,-19.85330373962748,2019-04-22,4.813837e-05,0.0,1.0,0.9047619047619048,1,4.813837e-05,0.0015886201899999984,0.17581667682000005
-49.313956017574256,-2.9368281861077694,-12.987190293537203,-19.841065441015214,2019-04-23,0.00013713977,0.0,1.0,1.0,1,0.00013713977,0.0017257599599999984,0.17595381659000003
-49.49114787112057,-3.564117509301707,-13.363972783654384,-19.852708951493426,2019-04-24,0.00025135982,0.0,1.0,1.0,1,0.00025135982,0.0019771197799999985,0.17620517641000003
-49.67505557656706,-2.970225893782831,-13.668354236800964,-19.935890369597853,2019-04-25,-8.224222999999998e-05,0.0,1.0,1.0,1,-8.224222999999998e-05,0.0018948775499999986,0.17612293418000002
-49.84819463394148,-5.577327470090276,-12.12566626706476,-19.95950905556441,2019-04-26,4.861727e-05,0.0,1.0,1.0,1,4.861727e-05,0.0019434948199999985,0.17617155145000002
-50.28662576599589,-6.901689679068872,-12.08436439960112,-20.006616503548127,2019-04-29,-0.00012873696000000002,0.0,1.0,1.0,1,-0.00012873696000000002,0.0018147578599999985,0.17604281449000003
-50.46581327259046,-4.237364072063197,-10.448309552606707,-20.031916415685412,2019-04-30,-0.00015620307,0.0,1.0,1.0,1,-0.00015620307,0.0016585547899999984,0.17588661142000003
-50.65696902497457,-5.32121889453541,-9.83269382237776,-20.014249166396368,2019-05-01,6.505439e-05,0.0,1.0,1.0,1,6.505439e-05,0.0017236091799999985,0.17595166581000005
-50.915529378018974,-5.3267607209449865,-10.323625965195586,-20.03267539041053,2019-05-02,0.00010243669,0.0,1.0,1.0,1,0.00010243669,0.0018260458699999986,0.17605410250000006
-51.17830988919138,-3.749486660972975,-8.810857168204835,-20.001308056100303,2019-05-03,-0.00011359393,0.0,1.0,1.0,1,-0.00011359393,0.0017124519399999987,0.17594050857000007
