,PC1,PC2,PC3,target
0,-1.123937924791523,-1.3809958938803804,0.04639203532661759,-8.219120548799214
1,-1.1431116906181409,-1.41772550044101,0.054819843082503934,-7.5328680686612275
2,-1.1135268551324802,-1.3472152123885446,0.021540697984643826,-8.59084077807274
3,-1.1182415830786236,-1.3511644248940675,0.019043180183691735,-4.875303832688584
4,-0.9937019839501479,-1.0719936888377517,-0.09371605187899575,-1.087362205342126
5,-0.8828591894130733,-0.8222786351750082,-0.1905436998696965,4.534076658296003
6,-0.8091590875935483,-0.6539039812266944,-0.2523155515611514,4.621030794567676
7,-0.7575702981113043,-0.5344396075476829,-0.2933954134609133,3.9668120068486266
8,-0.7898929491265554,-0.5993230912710195,-0.26182219854579286,3.311530823882225
9,-0.7915455413067284,-0.5980358090582755,-0.25821816078151205,3.241488382383831
10,-0.7906593503807852,-0.5917620299255093,-0.2573329413395245,3.3791770939490706
11,-0.7902882680373505,-0.587053693925799,-0.25638412535781574,3.9974951961032117
12,-0.7806647040489871,-0.5624482660041045,-0.263669566612776,4.6809146355666265
13,-0.7486574437098443,-0.4891160486733925,-0.29006536984103354,4.263089156042079
14,-0.7647792606762855,-0.5212900268969549,-0.2745878447359235,4.717173479743765
15,-0.7428933718906691,-0.47065024260045224,-0.29243872689225936,4.717173479743765
16,-0.7402243248761925,-0.46220466486477013,-0.29340108128929143,2.9452052743922117
17,-0.7474756530253451,-0.4756943747504157,-0.286065846885189,3.2072905060046613
18,-0.7518718954019654,-0.48314182079442664,-0.2816312400590887,3.525575336457205
19,-0.7629417263691244,-0.5053208998315473,-0.2718013876410292,3.9785847543277097
20,-0.722728932082548,-0.4153695131934068,-0.3062821869308366,5.0779011720701694
21,-0.6721974790466549,-0.30275550344535246,-0.3483907564379037,4.5907574107630085
22,-0.7209516251564674,-0.40746701680655906,-0.30424911535818927,4.6695634302922375
23,-0.7032419399741858,-0.36715524337021493,-0.31880092841271906,5.45961205170634
24,-0.7368996647886873,-0.4392750948647418,-0.2890104933087216,5.234205056319414
25,-0.7261498472628451,-0.4143952121971756,-0.29840499114779623,4.493922687915847
26,-0.7248466509743642,-0.41011480176234444,-0.2994117192298602,5.184473341952836
27,-0.6848599774114393,-0.32117147098112747,-0.3335067451790224,3.457348650312233
28,-0.7376945558935912,-0.4352760788225359,-0.28705971273413067,3.144034748721178
29,-0.778722362384944,-0.5238106722909384,-0.2525605842329293,-1.2178141369797602
30,-0.9589438733166312,-0.9169728741610272,-0.10034365359539162,-0.6832395965013055
31,-0.9195227274992551,-0.8296052449607924,-0.14139902841245183,-0.7978655954646386
32,-0.9267271756782917,-0.8432980998801418,-0.14060026757543778,-0.798065168279244
33,-0.9043800063458859,-0.7917802373526109,-0.16480550899722643,0.11192442103083998
34,-0.9036587997550046,-0.7870802273944693,-0.1693946084197602,-0.6705472273252342
35,-0.9122573815559089,-0.802501399254126,-0.16571847499484757,-0.10890336236759607
36,-0.933620162801293,-0.8456690138796298,-0.15117351854703884,0.3253746301371722
37,-0.9325265321206929,-0.8395440331435358,-0.1562770414846378,-1.0417084050375578
38,-0.9311109878426105,-0.8324835402284796,-0.16136017637436975,-1.24945711143168
39,-0.9294381300724821,-0.8246874743103586,-0.166402693942946,-1.3536166007266763
40,-0.9275623037091782,-0.8163227680768731,-0.17138792606748973,0.2291809283719219
41,-0.8610624787320045,-0.666438733090291,-0.23141407105715103,-0.3472342643318421
42,-0.8771500290665193,-0.6971096469493909,-0.2186248002100723,-1.8937128120775668
43,-0.9034176859173296,-0.7503261039008612,-0.1977674693555675,-2.991246702158151
44,-0.8819038417069293,-0.6991522899297969,-0.21863020291790716,-3.3169395237369694
45,-0.8761173306056713,-0.6823560835886688,-0.2253114607185171,-2.3062945646227266
46,-0.8993222216669732,-0.7290920868052251,-0.20704773068273533,1.2028534667565605
47,-0.8843397739906169,-0.6924055287684019,-0.22219546347589603,1.696402265656502
48,-0.965759858935312,-0.8666705968756577,-0.15439937067906492,3.648723956730941
49,-0.9454658516604602,-0.8185643227225468,-0.17612494391218875,2.755799829683811
50,-0.9116009635597851,-0.7404493123950401,-0.20852700462920262,4.025010781579595
51,-0.8995587836510983,-0.7099001353890155,-0.22103624819357456,5.5329493003055
52,-0.8680022195176326,-0.6366582645850498,-0.24982372773427686,7.0057523146017715
53,-0.8907916133319,-0.6823809641098968,-0.23116943549358537,8.020887471948155
54,-0.8851819446548808,-0.6661997262114815,-0.2376297036912766,7.86224617462068
55,-0.8569787952025886,-0.6006274960814232,-0.26324845609300035,7.469555658364062
56,-0.8573902477104207,-0.5977105139352641,-0.2635413990486522,8.46332919131469
57,-0.8322227445613524,-0.5389897431803673,-0.28583955357828256,9.060046032028485
58,-0.8551318412846541,-0.5855957330511369,-0.2663275376923253,9.213574340787565
59,-0.8399988415232176,-0.5492017716527576,-0.28023141392093304,9.96114646501875
60,-0.8762737350998301,-0.6253927874342413,-0.24974624191722966,11.136008828301689
61,-0.8875183442361282,-0.647005322665491,-0.24190297300315372,10.780532611895103
62,-0.8441277939266604,-0.5490118497088482,-0.2810891527923046,9.394191322969844
63,-0.8353775547709783,-0.5266845617387643,-0.28919978407580743,9.48295759226829
64,-0.8298314971812357,-0.5114706824451605,-0.2943770754475306,9.092798013881577
65,-0.8114362354419543,-0.4682415246548837,-0.3104720273310602,8.87246562793954
66,-0.8122155786597177,-0.46708251154429253,-0.30967938942616785,9.094028862194273
67,-0.7970884051650745,-0.4312709326259307,-0.32266764137222814,10.163594093825049
68,-0.7399439482645214,-0.30355654219616246,-0.37125593685648045,11.418615582033505
69,-0.723954679015345,-0.26600340795644933,-0.38297189263009446,9.889163378429643
70,-0.772609464252352,-0.370333338350576,-0.33917453958071353,8.464281528892887
71,-0.8740906368491188,-0.5908010392851308,-0.252009928087539,6.934308569431122
72,-0.9806035603878698,-0.8225921276664959,-0.16382819304465496,7.416033527145613
73,-1.0465864987864546,-0.9655204733559909,-0.11342379318489183,8.095802201221048
74,-0.9838853783689672,-0.8260989608050232,-0.17465942129458964,7.948080244150747
75,-1.0320164439103585,-0.9284732274977724,-0.13831669958985535,7.832106274135418
76,-1.0675829826062302,-1.0030584024016875,-0.11386646069234312,6.568039936083033
77,-1.3707808744357453,-1.66335098665248,0.13905757524735843,6.094135884102511
78,-1.4526509752103414,-1.839035091475125,0.19345086774619089,4.246582300558888
79,-1.4211115540415118,-1.7649694115229069,0.14969528761114093,5.460139554971185
80,-1.4000156903922238,-1.7121727705245713,0.11742304645307827,4.267223400849876
81,-1.4481114240797155,-1.8097654677795356,0.14620958085902364,3.1089569879123458
82,-1.5250160194258398,-1.9697879326895553,0.19903889678954295,2.5312057463696567
83,-1.5216112320789987,-1.9533629206385434,0.18164488997008066,-0.20790151746163918
84,-1.6362371793408734,-2.194494816960812,0.26641885726267356,-2.683335364054888
85,-1.7679721885785333,-2.4726521563455153,0.3630747583841579,-0.7631192353027518
86,-1.7073038163117222,-2.328913169429475,0.29210463308020806,0.1847485682130622
87,-1.618255574346392,-2.121723843433643,0.20022014303641725,0.2462630183031946
88,-1.6169740146594964,-2.105820503040498,0.18723738237139434,1.4345732552976707
89,-1.5702103957079692,-1.9901916849249501,0.13592559539964716,2.298060304733366
90,-1.551407194436908,-1.9356009649384232,0.1104782611785204,2.0463263690117
91,-1.5484295487658788,-1.9157756432481932,0.09941205139474647,1.4866782575635025
92,-1.5584114893885939,-1.9245492964365667,0.09969109963753184,0.5244682639285949
93,-1.6460033593121772,-2.103471621590746,0.16619379851631355,3.2587061991163235
94,-1.5869447142562434,-1.9617216671658713,0.1046708644374362,5.209419473079089
95,-1.5587753930231472,-1.8873005182210214,0.07191641604034939,6.329406876151375
96,-1.523707428518296,-1.7978475543412593,0.03436181516362034,3.878286871470656
97,-1.6363795427664505,-2.0319741022972866,0.12438535703908614,5.323713843138506
98,-1.6127350746762465,-1.968293790539105,0.09423405834670232,4.022274904746207
99,-1.643179731364852,-2.022838200724379,0.11149252389966416,1.0183766307335436
100,-1.6643797381738374,-2.05723170610856,0.12015066197147632,-0.4798144642025646
101,-1.701837205556087,-2.127185658213781,0.14239437105430386,-0.9093213635089172
102,-1.7396692788558163,-2.1979258696358293,0.16415720564120967,2.395221340277082
103,-1.6135174671409542,-1.9095804899510098,0.04492610718693276,2.3938407088313287
104,-1.665140477950742,-2.0098274085247563,0.08226382125594041,3.2525849303121253
105,-1.6309083711410401,-1.9225437106726568,0.04455432421895837,3.1812839654429843
106,-1.621810173765781,-1.890260808141337,0.029633421025680683,3.6481861923288688
107,-1.5772779905485486,-1.780603335706431,-0.015233120105690483,6.316668896224629
108,-1.5096391332101182,-1.6204996551522761,-0.0784102928265641,6.316919473143039
109,-1.4991770035504959,-1.585786439469583,-0.09064833704203361,4.631144202152381
110,-1.5374123896086913,-1.6582326900595534,-0.06120513061893423,5.546347540823738
111,-1.496333877792382,-1.5576625354524996,-0.1010857558668674,4.991939695575425
112,-1.4966856237371275,-1.547979251631833,-0.1043097037007741,4.703149595163304
113,-1.5103264437844266,-1.567788521108211,-0.09637288036843651,3.8379915656784798
114,-1.5374041872862805,-1.617371955561799,-0.07752171328010521,4.146172467318379
115,-1.5232913452151091,-1.577070499492042,-0.09482507394049132,3.738281758182298
116,-1.5057648709892464,-1.529353086167147,-0.11455396644847557,3.193244552041153
117,-1.5427745613295345,-1.6011160718104203,-0.0870780320188074,-0.6625929464715956
118,-1.6224275602230138,-1.7664909368403214,-0.024344396821740538,-0.8192782161600795
119,-1.7065956251070293,-1.9419315370794246,0.03983200907633517,-0.8952335442529139
120,-1.7306139488698389,-1.985600445262978,0.050267291259807466,-1.7261049685300052
121,-1.7028280232178912,-1.915389904056669,0.016239881961980774,-3.127666058610147
122,-1.7511513900807663,-2.0112110059102273,0.04877984499639032,-0.9952415541578639
123,-1.7226417406972252,-1.9386883988422094,0.014483177138396605,3.9935944830927324
124,-1.6062289281224487,-1.6733196877978258,-0.09358430874221915,5.358851693363568
125,-1.561619487916777,-1.5646985632098889,-0.13623053137734945,0.6769494434313224
126,-1.5745073196336772,-1.5821731146956621,-0.1284084904031084,1.3665333210552588
127,-1.6073963462263132,-1.643915768121475,-0.1041228127396634,0.7780227311153911
128,-1.6604820883254894,-1.7502711240807416,-0.06373443879470016,0.44442054866472736
129,-1.6662799231688032,-1.7533744269939735,-0.06546338067958049,0.4444528665084947
130,-1.6559146451375542,-1.7210368195852048,-0.08099784082511587,0.7800533822917748
131,-1.6323575318055419,-1.6597377511895632,-0.10729087611817822,-0.5643058369160275
132,-1.6791326908583473,-1.7523395880976924,-0.07254458693413278,-0.5078917797551439
133,-1.6720622490776138,-1.727288797449586,-0.08529130206570898,5.258033312560358e-15
134,-1.6389734079682847,-1.6451944347327687,-0.11986310162334284,-0.7844128297818317
135,-1.6341997994563506,-1.62498830528549,-0.12901611295070625,-0.1678700503773465
136,-1.613357377052295,-1.5697278793511946,-0.1517416211411984,-0.11186355956515687
137,-1.6147864372620062,-1.5633084557768773,-0.15474768786043958,0.6105129361011978
138,-1.6035548076612034,-1.529382862188937,-0.16868264110659378,0.8861658216246399
139,-1.601931413385361,-1.51663366493318,-0.17407534265021102,1.2254286094045808
140,-1.5682897731323995,-1.433987541118764,-0.20686228447275298,1.22520907027622
141,-1.5792742045703665,-1.4491211512585078,-0.20045884738978934,1.106706327882534
142,-1.49100750075622,-1.247304360834732,-0.27945280266968636,0.6232518851507491
143,-1.5654895871053913,-1.4017310849894893,-0.21651631280410405,0.8456332703494523
144,-1.5838776831120647,-1.4340340673900378,-0.20427698595566862,2.8732570147659477
145,-1.5158311592059366,-1.277293506346621,-0.266594906097941,2.513924426391939
146,-1.5045333616886472,-1.2446586189679496,-0.27817999694613416,6.0386394034004685e-15
147,-1.564124171114297,-1.367469033245892,-0.2289625785422836,-1.3946703683908517
148,-1.6700459114008306,-1.5921063083994278,-0.142186745325817,-1.7635892047229875
149,-1.684441710284372,-1.6166220535462952,-0.1370025741037784,-0.15064586111019745
150,-1.5088237074125712,-1.2248370311875092,-0.2944157692147189,-0.5421961668613865
151,-1.583849966447633,-1.380963243030456,-0.23146783047310432,-1.8520375298493388
152,-1.6026957057262892,-1.4146747394134649,-0.2192296806835894,-1.3086251233550892
153,-1.5897111440157963,-1.3787871448885016,-0.2347816030079297,-0.8446607989271933
154,-1.5796532005365354,-1.3492431969186442,-0.24731971763045885,-1.595189188472257
155,-1.5758640085191493,-1.3334324302781315,-0.2541344999561649,-1.6684640278241634
156,-1.5463350365917858,-1.2613415176782676,-0.28284827895639203,-1.6684640278241634
157,-1.5420926636329229,-1.2446233200642691,-0.28900041787352726,-1.2064486162062937
158,-1.5379699269953326,-1.2283466399908545,-0.2950178835097253,-0.15442632513075666
159,-1.4889390960632574,-1.1139274199234501,-0.3394252010638524,-0.38740438227013124
160,-1.5035572263038206,-1.1388989321661434,-0.3279134309288866,-0.7756172024802704
161,-1.5091348022830122,-1.144436545227613,-0.32483738706222387,-0.537289116141089
162,-1.5407538563775471,-1.2072008952229811,-0.2997962073564078,-0.8479966979471578
163,-1.5569779422772425,-1.2364781152362283,-0.2890201321285567,-0.46263897916111285
164,-1.5445091727220208,-1.2029757325204875,-0.3032740412537032,-1.1591049222698067
165,-1.557459106382208,-1.2250345955029742,-0.2952953903503951,2.7686116294072574
166,-1.4645210716705415,-1.0153205757088164,-0.37830783544068136,1.2595791447772307
167,-1.511414390305823,-1.1114918072655098,-0.33865387229827904,-0.8296298622241494
168,-1.5433931682964006,-1.1754503652268358,-0.31350065709760994,-4.027529942559603
169,-1.5888508391297977,-1.2690749122519482,-0.27786767337023416,-2.9972732681110763
170,-1.5610563141327414,-1.2023810757125972,-0.30628191860243575,-2.3968568975254367
171,-1.4810934068997295,-1.0212091480940442,-0.3782447513427408,-0.28333569330591046
172,-1.5122129974213494,-1.0830080071162462,-0.3525287386753723,-0.7743622008802894
173,-1.5055899098423082,-1.0625206988637768,-0.36029741741292415,1.9749769662875833
174,-1.415384184488306,-0.8591342312470021,-0.4394499230906229,-0.15812260074935963
175,-1.474870226869416,-0.9833963188223892,-0.3877042942032171,0.8016999942816382
176,-1.4394405116422369,-0.9004251627351101,-0.41944076492509375,0.6422335118806141
177,-1.4485512780336944,-0.9150214384235384,-0.41202903414506203,0.0803270284683184
178,-1.4580785833270422,-0.9307906805315116,-0.4047462404717101,0.4873509936491883
179,-1.422939320372188,-0.8489421104207823,-0.4361302584368358,1.4801641949735422
180,-1.3905306872962782,-0.773087059617282,-0.46414485683761836,1.7257193664949029
181,-1.3867500987225982,-0.7600558578701121,-0.4668147640234645,2.333752182528891
182,-1.4025427892056594,-0.7901672538812855,-0.45287405647931367,3.178645225383849
183,-1.3996049698505812,-0.7795499960190116,-0.45569743897970805,4.993808916370607
184,-1.4064262974975321,-0.7904304586191943,-0.45021000150647605,4.366663398244062
185,-1.3974319442142362,-0.7668146515058314,-0.45860178613031755,4.847070909157503
186,-1.439793647365155,-0.8556994784577804,-0.42281957923783653,5.360675536406101
187,-1.444396852055309,-0.8620851905119769,-0.4207980597947824,5.872689871520281
188,-1.4489615003765708,-0.8683025089650218,-0.4188878693627337,3.856699420341717
189,-1.4342082378936882,-0.8321374632527804,-0.43359186244541037,2.710233727939794
190,-1.4994492260352377,-0.9710169851311632,-0.37926296857213926,-0.7802834064868629
191,-1.4886284810144617,-0.9434681943735242,-0.3921091891929082,0.09841931057481486
192,-1.4419504951371194,-0.8371181046288028,-0.4350820291366855,1.2784535240094395
193,-1.3557257156433482,-0.6439091835959109,-0.5102911088000095,1.3286597384037842
194,-1.3677364241815317,-0.6656945835608173,-0.4986932073254211,0.24115402690283325
195,-1.3161217994970607,-0.5485613859247628,-0.5422858873062352,-2.214940622505409
196,-1.4278470411128539,-0.7892689022328276,-0.4446008562057112,3.7418988250599934e-15
197,-1.400517980930131,-0.7261093887806934,-0.4698868794589292,1.8391988641043453
198,-1.430437075217334,-0.7881483670367994,-0.4451966955128575,2.1031787085432647
199,-1.4030377623103303,-0.7247461080231333,-0.4705623281015795,1.7994035423098682
200,-1.407196111670522,-0.7302941897181563,-0.46795334396839505,1.9269115927187752
201,-1.4114466811958069,-0.7360830296319615,-0.4654219800607747,1.0471619989662744
202,-1.3997012324382967,-0.7068591811131062,-0.47673113606800355,1.0049786238800436
203,-1.3813128182866754,-0.6630553267435833,-0.4933498680388303,1.6940296818307978
204,-1.3883735282431195,-0.6749862273927417,-0.4876258076249006,1.8572003691110686
205,-1.395669801342295,-0.6875543783061465,-0.48201356097739634,1.161202250292896
206,-1.4384991547364079,-0.7780148036010407,-0.4462462747853448,0.7907186096502606
207,-1.4724187893052358,-0.8490717299154934,-0.41947626012133865,-0.5219163074518739
208,-1.5806209078860973,-1.0827337570436526,-0.3300107873914216,-1.1919277490384048
209,-1.5489436223525845,-1.0100265716661474,-0.3635412804820128,-2.0017032313666987
210,-1.6220167033890573,-1.166054074121245,-0.3057724768624405,-2.1823045728126496
211,-1.6540851270523687,-1.2320734398451754,-0.2850687474872559,-3.0679032086944313
212,-1.6859881909645211,-1.297239231469736,-0.2649577689552822,-2.2994375349796976
213,-1.5924153572512272,-1.0871104085288048,-0.3527555038137405,-0.8146282106892054
214,-1.5929530825291993,-1.0823477616513137,-0.3563884699908166,1.5350702934236968
215,-1.390975275475358,-0.6339843276563057,-0.5333511940272971,2.980382764487978
216,-1.3975598549418922,-0.6419464984211332,-0.5251276857690591,3.225970487117382
217,-1.382640841957323,-0.6035907463218233,-0.536109450143452,2.7896981166500154
218,-1.397053180616751,-0.6300357379622485,-0.521937318121486,3.694239493669443
219,-1.2773813680454216,-0.3633655748962897,-0.623507159443261,6.118219239443546
220,-1.2332294588664252,-0.26222232432158893,-0.6568912004847608,4.0367097172889315
221,-1.3402335373475989,-0.49281836016788555,-0.5600364567344831,1.4695823009193942
222,-1.5077702654550107,-0.8569992359844988,-0.4153858345731063,0.32793972849453756
223,-1.5017090908140536,-0.8414957423478262,-0.42494860927080796,0.6023953109901602
224,-1.4853050388113622,-0.8028217722891148,-0.4427653683122796,0.3290102299078044
225,-1.500305101879562,-0.8325346842020401,-0.4328282786657088,0.44162091050836233
226,-1.4253266621480811,-0.6649449426796914,-0.5002677067611582,0.5529150676831942
227,-1.4034157519974984,-0.6132126901431697,-0.5196363178581069,0.22403568353426886
228,-1.4647980787936312,-0.7440234563047797,-0.46698936111246175,-0.8353061898123751
229,-1.4856376582154767,-0.7863202973881045,-0.4511638202623265,-0.7798888374889802
230,-1.474570886831312,-0.7586602077581054,-0.46324341756767534,-0.7238175360110318
231,-1.4791838708951057,-0.7651780286986894,-0.4613697123932618,-1.2238424486346062
232,-1.4869798335028426,-0.7786061901878458,-0.4568156563751327,0.17485563446334512
233,-1.4016038813981146,-0.587816407152487,-0.5323095034530574,0.11662717959058996
234,-1.4143015236869922,-0.6116709498887567,-0.5208955231246892,-0.35072132539638406
235,-1.4307268217830624,-0.6439928314292416,-0.5068897500245271,0.5291604893777622
236,-1.396193937364725,-0.5648468180030631,-0.5372318371252798,1.5375634370316251
237,-1.36115426755863,-0.4845905068398445,-0.5669622279059803,0.06415390897570576
238,-1.4639433565509479,-0.7065114331628916,-0.47751476524682707,-0.6199890526120754
239,-1.420954626186667,-0.6094576429244978,-0.5166092129091248,-3.735158794993642
240,-1.5345193846696454,-0.8552535291367438,-0.41989176295826874,-4.368902510399152
241,-1.5407450921145573,-0.8660747591766286,-0.41886291073121174,-3.6297993583853545
242,-1.5304969507272956,-0.8403968092329642,-0.43178116432858515,-1.6568041702652365
243,-1.4617934805858632,-0.6862395378758108,-0.4941872341915398,-4.520872707033029
244,-1.6037741529088672,-0.9934784559302575,-0.37342121440376114,-1.3804070963860433
245,-1.5650090134878123,-0.9049534944174115,-0.41224729643200825,2.0210683031866967
246,-1.5507101675508197,-0.8695051556756723,-0.42838271691656044,3.0759418883179173
247,-1.478044024746542,-0.7058820726833435,-0.4938890712881737,0.4495237635004601
248,-1.474702755045608,-0.6939518549124111,-0.4974502251830306,1.3270406178536125
249,-1.4715185819405372,-0.6825648973874819,-0.500883228855743,2.9106329488949796
250,-1.4009773376481256,-0.5237165392469207,-0.5621122136306642,3.8274871768542007
251,-1.3840615923620894,-0.48242706141098274,-0.5751881547300062,3.075834107469389
252,-1.425176523154908,-0.5687101949434391,-0.5382509961342408,3.955293381209551
253,-1.3838751499411608,-0.4748186942769679,-0.5736554149200184,4.0975737204311935
254,-1.3741970717327132,-0.45031201054404624,-0.5807362588909957,5.251041489414652
255,-1.380758968543455,-0.46166769722355255,-0.5738155352216867,5.756427879435712
256,-1.3588195481761376,-0.4108250447652573,-0.5917940417202049,4.771408930823795
257,-1.3527998592341692,-0.395018746384647,-0.595585013083022,4.375110869002668
258,-1.3630251257990718,-0.41504217841588564,-0.5854594993573629,4.957950681748506
259,-1.354375025904474,-0.39392058625551485,-0.592053992720538,4.007481476882946
260,-1.3682190908979304,-0.4222169687170128,-0.5791972010327168,4.861067310317352
261,-1.3888774298482591,-0.46561081844652674,-0.5610674264690845,2.4699470137292296
262,-1.4131578341595963,-0.5170343650547011,-0.5405496859349649,3.7376965694843056
263,-1.3349573809508624,-0.34380858177568124,-0.6087458333968011,3.20298926940366
264,-1.3099272212145225,-0.2868533828596141,-0.6287365670505354,1.9747060351233483
265,-1.2847249546712411,-0.22966913769699684,-0.6482818638304956,2.0832175058667928
266,-1.3043999269952158,-0.27106988910114377,-0.6287609110565406,1.0065744223266557
267,-1.3279905068462694,-0.3213895427446262,-0.6068005212240107,1.3691071329081068
268,-1.3875193488796336,-0.4507011485046654,-0.5549144021791549,0.8922562729616457
269,-1.4545141017051115,-0.5965320947106778,-0.49856735367576127,-2.266932348395967
270,-1.5866331329081382,-0.8850722893025889,-0.38827403978781466,-1.8356995032415047
271,-1.5597772610134069,-0.8249385616043676,-0.4182644438789913,-0.07077277974907692
272,-1.447894620384799,-0.5774898474236719,-0.5196426413686748,-2.887318984743367
273,-1.4909017559402673,-0.6688285860326597,-0.4839766913912776,-2.4647102877726015
274,-1.4960302386758149,-0.6772076509419418,-0.4821380187003346,-3.3754783616375326
275,-1.5267309051470042,-0.741495238394341,-0.4583117268973347,-2.7266595427580693
276,-1.5320358383730825,-0.7500144294226592,-0.4570825018487483,-2.7266595427580693
277,-1.530699524283956,-0.7437523328016984,-0.4614638110891642,-3.310812671115878
278,-1.529080369583905,-0.7366679086954008,-0.4658108898581119,-5.377491427267188
279,-1.6011378967883076,-0.890997686606486,-0.40663279632782234,-1.0061143561267598
280,-1.6035518114091265,-0.8926592071779759,-0.4093866016002214,-1.0578402961827
281,-1.557349880015238,-0.7873690995878991,-0.45358177208033296,-0.6330169743908152
282,-1.5485650370752135,-0.7637592353658544,-0.4638421259939025,-1.4766085031268312
283,-1.5684724511006611,-0.8030235193442643,-0.4490568941125288,-1.1646371752475124
284,-1.537279818376165,-0.7302887842993694,-0.4787193771258329,-2.1342730806006047
285,-1.6082857327573337,-0.8815616822089869,-0.41946552361173134,-1.089137223753002
286,-1.5166684000172794,-0.6764267523489368,-0.5021493937743523,-1.9548062002842277
287,-1.4971485558965416,-0.6290254352155615,-0.5197349450714448,5.109465811234628e-15
288,-1.4453820539661006,-0.5110707652134409,-0.5645075110372302,1.269005705362326
289,-1.3576725313860756,-0.31442743496330916,-0.6386715274704696,0.40454147091532
290,-1.3814174149648242,-0.3624563214449936,-0.6145964669504652,3.026368734418728
291,-1.3420700433253065,-0.2728207163592263,-0.6460330544381915,2.0347328074384823
292,-1.4214676473257362,-0.4439866882124757,-0.5745588916310672,1.6055716524911339
293,-1.457802107006449,-0.5213617060192187,-0.5430392810800285,0.6915329421151674
294,-1.4209420666044081,-0.4383583152721838,-0.575648500604063,0.7449574183815159
295,-1.4123061844652243,-0.4171146466004805,-0.5827803023210991,0.5835647511615811
296,-1.3875685847977888,-0.360623010144716,-0.6035580719721828,2.6276340954430775
297,-1.295064555491,-0.1555451156851104,-0.6818875912235252,2.73340346873252
298,-1.3168978362259223,-0.2012534193501774,-0.6591984157107594,1.5580602393460612
299,-1.3043598162058812,-0.17211056103157063,-0.667205002147384,1.7112783327549759
300,-1.3369741631516197,-0.2422912723222088,-0.6363188651526523,2.1849593484424563
301,-1.3351531868666477,-0.23729187558070722,-0.6363611492861998,2.574961341942386
302,-1.3045218626983899,-0.16919106147330223,-0.6612438449974655,1.9580261025663233
303,-1.2927671267978458,-0.14251831148097263,-0.669055322148446,-3.4213967214256362
304,-1.4770226943915459,-0.5459648929060151,-0.5082377937089596,-1.0860756302627952
305,-1.4300653052163146,-0.44277830156094833,-0.5521984458714954,-1.6347060303949386
306,-1.4491176249643987,-0.48372530329175895,-0.5374719615790476,-1.5764903239108627
307,-1.4199807077435116,-0.41872874658238163,-0.5645538584966601,-0.5975052558736299
308,-1.409287414186878,-0.3938428041069192,-0.5746175974430628,-1.0788961947187654
309,-1.427186093186924,-0.43154090413743607,-0.5596690704882661,-1.4819752159233872
310,-1.4003489563713427,-0.371087649342161,-0.5836999801133939,-3.4424491916111344
311,-1.3311672620368258,-0.21758121496934513,-0.64318388252268,-6.544582417401307
312,-1.3925528006368932,-0.3503858905573387,-0.588253758914397,-6.110378438915258
313,-1.3782108220983618,-0.31746866068388535,-0.6006210025109006,-6.69835578287187
314,-1.3571796763451833,-0.26983757959348564,-0.6182783583796607,-7.588106775761672
315,-1.48039760924897,-0.5386654932938486,-0.5113073728723991,-8.182928240569433
316,-1.4998055940313655,-0.5801199878011571,-0.4975922394952295,-9.193516560064499
317,-1.5126471997219513,-0.606825402431038,-0.4897949290932129,-9.657425058112395
318,-1.4256673201087777,-0.4141789109446315,-0.5678790287731331,-8.95989348111297
319,-1.4203237670393285,-0.40011697932930573,-0.5726864417481253,-8.172643938877476
320,-1.3860403028236985,-0.32262043366702536,-0.6022359558601241,-8.959853416406432
321,-1.4090865301478488,-0.37091241914884293,-0.5814472436860988,-9.490335243297404
322,-1.4391735745754586,-0.434893013140569,-0.5554873775901294,-7.823942204782337
323,-1.3638346284518963,-0.26769324368755404,-0.6211773380785018,-8.019644648795175
324,-1.4059964260898292,-0.35808987100668116,-0.5833708529802848,-8.065113771677176
325,-1.4330902205048377,-0.4157565839752789,-0.5600617999793732,-8.192692817471103
326,-1.425332053397565,-0.39704327755658597,-0.5676002665971503,-7.544964441876609
327,-1.378802730989173,-0.2931668123514132,-0.6081563643230806,-7.323981874698236
328,-1.2672176321281168,-0.0464231795341026,-0.7031489928223047,-8.253334415203462
329,-1.333816574538235,-0.19058937696518025,-0.6414992162594463,-8.550332323480054
330,-1.3218991704797156,-0.16316348283814106,-0.6499862404052335,-8.293448173700876
331,-1.2939495292629062,-0.10071742647912099,-0.672064166475526,-8.39539429950812
332,-1.3332128110144221,-0.18589027992023072,-0.6356398151424284,-7.401260764227894
333,-1.3252720032781835,-0.16781714718844432,-0.6413166818587033,-7.546059004042337
334,-1.275516088692246,-0.05801979296810493,-0.6827845905883266,-5.323241285732583
335,-1.045164719335527,0.44809534106040905,-0.8781020414294245,-2.3043221871666666
336,-0.8209131839756935,0.9410128043123592,-1.0611105722312177,-1.8565679911839794
337,-0.8318995045528342,0.9171067262466978,-1.0357120738480463,-1.2315300553219335
338,-0.7552508573876342,1.0837581049076797,-1.087673009963584,-4.200889151588492
339,-0.8266620279528036,0.9243971375026911,-1.0112051078744753,-1.6716553786784745
340,-0.8013606096753998,0.9758015457732148,-1.0215524889347938,0.23394524284998444
341,-0.7348692314714146,1.1168943538539604,-1.0674146031555352,2.463352927546035
342,-0.5782566866915578,1.4551760016843966,-1.1894959743137887,2.7725669526522725
343,-0.6159154762966674,1.3667690515050697,-1.140512293210034,4.879712901323645
344,-0.6396774107280503,1.3076151659005268,-1.1060363350571323,5.190229792498504
345,-0.6070794902560223,1.3713150268317815,-1.121780373782409,3.123502536030908
346,-0.6035342245795493,1.3708686571681867,-1.1122833172834081,2.7914510767925096
347,-0.6552131472562365,1.2488123585016717,-1.055973662027077,2.5944490817678774
348,-0.6890591391706842,1.165432384190561,-1.0173120808435245,1.5641606681386895
349,-0.7172463271755006,1.0943595002309432,-0.984989121639976,2.6005932477954397
350,-0.7041507041459594,1.1139283935860076,-0.989284825311768,2.6998583724704086
351,-0.7131500038432375,1.0852920489528728,-0.9742870994866921,3.6351332236574896
352,-0.6323278543843206,1.2538566373296107,-1.0369552817961005,2.9373974281672677
353,-0.64635288936181,1.2146991485522707,-1.0156477656015872,3.74460586236434
354,-0.6159466629308274,1.2728553328083163,-1.033387981143686,3.852433210087193
355,-0.6108570569700591,1.2755101338020665,-1.0287081928510808,3.3961398056752192
356,-0.6476555167735952,1.1861780544390468,-0.9882422510049489,1.1197446342707795
357,-0.7077500300813377,1.0455927408152927,-0.9292706329756496,1.7118537036375543
358,-0.6500582809294589,1.1633837480101856,-0.9736312099770664,-0.8362927328034205
359,-0.6681453592544813,1.1153934953351938,-0.9509784610417877,-3.6583191098935965
360,-0.6929719925219572,1.052654512990425,-0.9232900339646659,-4.863096028658977
361,-0.7373959119246182,0.9470267724909502,-0.8796486208211599,-5.1548189097184745
362,-0.705334905166197,1.0093312528650675,-0.9031748692822299,-5.124939355276071
363,-0.6338507058502024,1.1585566273281869,-0.9594410721436887,-5.480078783149863
364,-0.7343567383306842,0.9308281566894697,-0.8656258332865666,-5.710023026543386
365,-0.7789633216027618,0.8254199838444123,-0.8233262511742511,-5.293586453178702
366,-0.7277008528020583,0.9305520973402557,-0.864737184475567,-6.927239756767408
367,-0.787460174870991,0.7926854958035016,-0.8088579774885049,-12.04669423632317
368,-0.9765101795840908,0.3712538925137719,-0.6437377325090644,-10.106229813003129
369,-0.9661012987887457,0.38738153845189294,-0.6558594283423228,-8.709196080590369
370,-0.8612154559427284,0.61185125150842,-0.748058385601747,-10.263278378464257
371,-0.8916919271945903,0.5403560417627598,-0.719923736680092,-11.073965254291528
372,-0.9127980889342469,0.4895818577772037,-0.7006578657914376,-10.444318302515274
373,-0.8761245039078512,0.5658429723709322,-0.731518919991023,-11.561171562780187
374,-0.9283577368448473,0.44742858010139763,-0.6845034466344312,-11.626516833517856
375,-0.942803365385136,0.4119390684983086,-0.671554893995575,-11.908786981230522
376,-0.9121889530359086,0.47559289977661445,-0.6975678234206129,-11.398246569964325
377,-0.8839233852030162,0.5344490048950719,-0.720336455347748,-10.513256093891162
378,-0.9000009801216887,0.4961755470654934,-0.7039695604274145,-10.45387185395006
379,-0.9003159210085435,0.4924433385101751,-0.7016867257516347,-10.329312921151862
380,-0.9069984896525567,0.47478791607227405,-0.6938940503333527,-8.34433350663016
381,-0.8270446046930218,0.6472750103445075,-0.7607983181111199,-7.993520040815246
382,-0.8002696739003335,0.7032836231752234,-0.7793736810514501,-3.344503584435857
383,-0.6513440522062525,1.0271262309557048,-0.9024059558116528,0.17702223973224288
384,-0.42967513972087484,1.5105531872152957,-1.0835605585729526,2.1384375767046375
385,-0.3690637028383051,1.6401671148193582,-1.1199163334432893,2.1400931090856004
386,-0.30285446487634016,1.7806844382728662,-1.1605833114878201,3.2210543626209622
387,-0.22765603362528833,1.9396348989083008,-1.2082627093531106,2.7348201608953375
388,-0.30058171801089245,1.7724019211187545,-1.1275905803270727,3.0289128446115434
389,-0.3250550439582231,1.7100147782197788,-1.0923371365329075,3.4262190695842505
390,-0.30599895768705576,1.7423353247699245,-1.0962280256272638,4.70925681926952
391,-0.24236334113006347,1.8720182684941586,-1.1385444696179754,6.466403626685652
392,-0.19113264130736896,1.9741818858841418,-1.1688406038343269,5.833636539519023
393,-0.265023903928715,1.8014210879667865,-1.0907573998780908,5.979314309617667
394,-0.2703764260277087,1.7782776691206128,-1.0748015190598676,8.572510118379011
395,-0.20231677645655363,1.9160031188040105,-1.1225872122733715,9.944426242357117
396,-0.17828099827624563,1.9572101143992513,-1.1307623443949006,9.754274911423035
397,-0.18000403067474538,1.9416733002919846,-1.1166246924356356,11.216510121116007
398,-0.18224093606125213,1.9247197827868272,-1.102694873823813,12.454537331545628
399,-0.19451144905936427,1.8855693421889617,-1.0807226170725088,12.060503199030759
400,-0.14627859118001482,1.9789876105684883,-1.1115618325499572,11.49452808201131
401,-0.1487360373642886,1.9613131237900208,-1.0976494662477783,11.489875799785954
402,-0.20611896647173633,1.8230184943560621,-1.0370978411660445,11.049404867624656
403,-0.21334624758006476,1.7945296440869285,-1.0218632994128578,9.124172017255702
404,-0.2302257894433243,1.7450454830877586,-0.9987176812665914,6.582970037314465
405,-0.2793604123870552,1.6250008872258204,-0.9485205576515088,7.034136360577089
406,-0.2809907053216936,1.609298059564281,-0.940754574778891,5.677573537801902
407,-0.43629698136100253,1.2570052939765166,-0.8009202444804504,5.537273991602218
408,-0.4687107917142615,1.1742806944214312,-0.7715113224875465,4.35105753605858
409,-0.5263360816545574,1.037118495717075,-0.7208810191574146,3.566584071455624
410,-0.4716336174172806,1.1470466196354145,-0.7679897925232794,5.512972125678027
411,-0.4566823187059628,1.1708347742813094,-0.7785432159246517,5.020402205734005
412,-0.5082860440843312,1.0492315336834956,-0.7310937462043617,2.820970331371087
413,-0.5539238286585483,0.9409885444734185,-0.6901754480165035,1.0311714516149573
414,-0.5580342004935555,0.9242368114280924,-0.686016277035493,3.4957886351709706
415,-0.5519211643052349,0.9304855756117312,-0.6903152634191588,1.0376705784940798
416,-0.5772336893081902,0.8683170059200185,-0.6670376483002173,3.7205270560401915e-15
417,-0.6153843169434213,0.778312463611968,-0.6332400926052085,-0.15593577314902482
418,-0.6280425788855524,0.7445354667418319,-0.6222267016708505,-1.2819135361265703
419,-0.6467836389114339,0.6978570748124194,-0.6059864061008883,-1.438710199894662
420,-0.6717598106166478,0.6378855038992294,-0.5846077104523606,-1.7927176729709435
421,-0.6677847053421112,0.6417642718922332,-0.5885209211621156,-3.927334639637943
422,-0.7498888211120334,0.45728057043724973,-0.5179483387786853,-5.606002459890293
423,-0.8458274210204676,0.24260870508460705,-0.4377739925506906,-6.2111535686209605
424,-0.7886337774358645,0.36416089874206126,-0.4916652904640398,-4.374805922763496
425,-0.7712037230360413,0.3994289415710485,-0.5087821939035572,-5.435236909117009
426,-0.8267625736012228,0.2750672508440457,-0.46217116883718057,-5.9324628060280356
427,-0.8155164689613825,0.29736911169214886,-0.47439994399524366,-5.753854359383669
428,-0.7618327043506697,0.4131779487230858,-0.5222701547800318,-4.7117467385334075
429,-0.6972570774530926,0.5532530222950729,-0.5774466515616724,-4.470357194277823
430,-0.7150054729830129,0.5128987968006409,-0.5597300844252523,-5.638132494120954
431,-0.7461604121680804,0.442848833338139,-0.5311875764065918,-6.772059667803014
432,-0.7651406168145924,0.3992994112126222,-0.5141340322298006,-4.154773103664685
433,-0.7619406582160818,0.40436340324787773,-0.5166596797198176,-3.473829266622596
434,-0.6751434056536677,0.5928565070746714,-0.5907811190519258,-5.122082139861057
435,-0.7504973308539984,0.4259186458828949,-0.5227082684731245,-2.079524433242967
436,-0.772899245733191,0.3746615792899763,-0.5027374005381982,-0.3853665585592009
437,-0.7185839308228634,0.4916663617714493,-0.5493071260516118,-1.2173037819077672
438,-0.637517858547135,0.6675673168793159,-0.6169853730257558,-2.5576115582895285
439,-0.7734417042866266,0.3675832242663926,-0.4956864907062386,-1.9713534278313583
440,-0.6617873523997555,0.6099488604358129,-0.5917871312377719,-2.556998685569233
441,-0.6314627321251159,0.6743481181853477,-0.6142494461558509,-2.8643723402780648
442,-0.6298485140260351,0.6755542075838337,-0.6112935523049516,-0.8577358833835502
443,-0.5740501849594617,0.7952802417834467,-0.655143732192895,-1.3290491490070093
444,-0.5850463722534314,0.7683321644657065,-0.6400598545874071,-0.1269812934037408
445,-0.5550542171273951,0.8308442415711373,-0.6609503612914434,0.29850769193929855
446,-0.5088808792634838,0.9286156811829164,-0.6950882442065621,-0.7555705032012237
447,-0.5201398238486291,0.9001588953051165,-0.6787496268316421,-0.13016929971987845
448,-0.40698086838376457,1.1441437677113766,-0.7701541216356551,-0.8422577006228517
449,-0.4816741587538514,0.9760014359491643,-0.696858812325566,0.2594228891037836
450,-0.4782221599037425,0.9784618670416628,-0.6937803296335351,-0.12807091506617374
451,-0.43330733502772534,1.0716478262913403,-0.7265343617732142,0.8144976185889785
452,-0.39111310592309606,1.1587690948094467,-0.7557980090767557,0.6426973309669723
453,-0.3935653610756248,1.147740208126602,-0.7457468745407116,1.0178287843014342
454,-0.42547202890159014,1.071714695866626,-0.7109438865787006,0.9315422930908861
455,-0.39092487911399176,1.1411008532603713,-0.7346602346396923,1.796577862987255
456,-0.34313460873967916,1.2395107667667766,-0.768886315389879,-0.3167612687477928
457,-0.46812984323472057,0.9588523578336732,-0.6534321360480624,0.6343013277030829
458,-0.4352092798962454,1.0239995251433813,-0.6780901827065801,0.6344182123231852
459,-0.42076001195088214,1.0489424415046027,-0.6857639790316843,-2.1137580352297043
460,-0.6082112331136276,0.6311675257696895,-0.5195485624023152,-3.9316703741972496
461,-0.68329861308337,0.45950591462341844,-0.4559548371963968,-0.1252953225009012
462,-0.5405584250133295,0.7662248697261098,-0.5813832848732978,1.2014677175489985
463,-0.5869465149395882,0.6592993049796455,-0.5390451003278358,2.9475320694352694
464,-0.5248340038226477,0.7904327028593439,-0.591343509928877,4.468358522969472
465,-0.4516953193659785,0.9461850154659956,-0.6509233447510869,4.538865190305859
466,-0.4286945115959559,0.9921322713774814,-0.6651404624379486,3.7772651637051307
467,-0.517976460896695,0.7915904307550661,-0.582430385996838,4.722256107964212
468,-0.4968028904703543,0.8328547240828312,-0.5978016876210841,3.0698952448581736
469,-0.5585995994668457,0.6923037853792632,-0.5411596229416242,3.8720057292655463
470,-0.5476228862374147,0.7112811111923886,-0.5490678472558869,5.808233827713594
471,-0.48160970113952745,0.851259986494329,-0.6037529706732063,6.707526779766749
472,-0.4175191400399532,0.9873222092121223,-0.6545928210200913,6.637994103802242
473,-0.44236677164636906,0.9283203934416363,-0.6271198822175978,4.7081891230989
474,-0.519416407887192,0.7544531190910018,-0.555934719849902,8.018647641117617
475,-0.44713205541188283,0.9078238505666336,-0.6157414249966744,7.272764010323535
476,-0.47615417498100954,0.8393179692331708,-0.5861041921858557,7.372122925092514
477,-0.46733578278685806,0.8536290497961496,-0.5900930397918333,6.347519146811434
478,-0.528986077329558,0.7134164525447565,-0.5332975477099922,3.845870459302397
479,-0.4890103768027958,0.7959773059810094,-0.5658761422079327,4.194615894658671
480,-0.5058821926396578,0.7541676504883562,-0.5481886435853187,5.117497139575819
481,-0.47487503832013783,0.8173827197869624,-0.5722103725426577,3.8880315399141647
482,-0.5074394138854412,0.7413276845757317,-0.5405824564651178,4.374081996034185
483,-0.49247187327560166,0.7694353476764976,-0.5509232056028311,5.845432492227568
484,-0.509245900908566,0.728061224089686,-0.5334719447215621,8.338504645818178
485,-0.4813520239870869,0.7846620026076211,-0.5549650111393928,8.870110617734655
486,-0.5523960774932523,0.6244124502649713,-0.4905125373221014,8.886192832678445
487,-0.6728285528183668,0.3556781265202899,-0.38594000322676225,8.431836142359824
488,-0.7051316726665448,0.2802757634778859,-0.3607384237765824,8.592249003123362
489,-0.7050965405989534,0.27642214202929993,-0.3637797292745101,10.146741593992548
490,-0.6882199188494879,0.3101775789569083,-0.38071248675052255,7.6825157211330515
491,-0.7314186422347649,0.21270854843751763,-0.34498470978305157,5.956162794395632
492,-0.7556469158571372,0.15711732527642322,-0.3265920747216833,6.287811276994245
493,-0.7347932646961594,0.20081777523802544,-0.34729081507236254,5.937376666701073
494,-0.7612088600500113,0.14129992700790187,-0.32624216829132274,7.783588002750597
495,-0.7716771600663114,0.1169781744995246,-0.31944298169450935,7.614500555640483
496,-0.736978013519139,0.19203299587808148,-0.3514698343541037,7.432139704604474
497,-0.7591333228989413,0.14269564256793635,-0.3331842360627888,7.473158477904988
498,-0.7430075124999049,0.17738065507188897,-0.3483686209896966,7.569198632143616
499,-0.7777890272150847,0.10054661600374032,-0.31905679041405133,7.569198632143616
